ID_SARA,Alimento,ID_SARA_1,ENERC_KJ,ENERC_KCAL,WATER,PROTCNT,FAT,CHOCDF,ASH,Sodiomg,K,CA,P,FE,ZN,THIA,RIBF,NIA,VITC,origen_categoria,FASAT,FAMS,FAPU,FAPUN6,FAPUN3,CHOLE,WATER ,CHOAVLDF,FIBTG,ASH ,CHOCDF ,F14D0,F16D0,F18D0,F20D0,F16D1,F18D1,F20D1,F18D2,F18D3,F20D4,F20D4N6,F20D5,F22D6
218.0,Cerdo. chorizo. fresco. crudo,,1900.9,454.0,39.8,13.0,44.2,1.1,1.9,,,,,,,0.107,0.162,2.7,2.6,Carnes.xls,,,,,,,,,,,,,,,,,,,,,,,,
214.0,Cerdo. costilla. a la parrilla,,1339.8,320.0,50,25.2,24.3,...,0.5,106.0,359.0,6.0,209.0,1.16,,,,,,Carnes.xls,,,,,,,,,,,,,,,,,,,,,,,,
213.0,Cerdo. costilla flaca. cruda,,1046.8,250.0,60.7,19.9,18.9,...,0.8,99.0,380.0,2.0,233.0,1.39,,0.584,0.089,11.6,,Carnes.xls,,,,,,,,,,,,,,,,,,,,,,,,
216.0,Cerdo. jamón cocido,,883.5,211.0,60.4,20.3,14.4,...,4.9,1900.0,107.0,15.0,143.0,7.45,,,,,,Carnes.xls,,,,,,,,,,,,,,,,,,,,,,,,
215.0,Cerdo. jamón crudo,,1980.5,473.0,28.9,18.0,44.6,...,8.5,2940.0,219.0,11.0,152.0,4.02,,,,,,Carnes.xls,,,,,,,,,,,,,,,,,,,,,,,,
217.0,Cerdo. panceta,,2805.3,670.0,14.3,8.3,70.8,...,6.6,1780.0,17.0,37.0,38.0,1.27,,,,,,Carnes.xls,,,,,,,,,,,,,,,,,,,,,,,,
219.0,Cordero. carne de la paleta. crudo,,414.5,99.0,77,18.7,2.7,...,1.6,97.0,361.0,13.0,170.0,1.69,,0.115,0.111,10.6,,Carnes.xls,,,,,,,,,,,,,,,,,,,,,,,,
220.0,Cordero. carne de la paleta. flaca. a la parrilla,,762.0,182.0,62,28.0,7.8,...,2.2,122.0,446.0,17.0,242.0,5.65,,,,,,Carnes.xls,,,,,,,,,,,,,,,,,,,,,,,,
224.0,Pollo. asado a la parrilla,,703.4,168.0,63.8,29.8,5.4,...,1,,333.0,11.0,249.0,1.97,,,,,,Carnes.xls,,,,,,,,,,,,,,,,,,,,,,,,
223.0,Pollo. asado al horno,,678.3,162.0,64.4,28.4,5.4,...,1.8,129.0,327.0,12.0,193.0,3.34,,,,,,Carnes.xls,,,,,,,,,,,,,,,,,,,,,,,,
221.0,Pollo. carne-pellejo-menudos. fresco. crudo,,368.5,88.0,80,16.3,2.5,...,1.2,119.0,292.0,2.0,200.0,5.04,,,,,,Carnes.xls,,,,,,,,,,,,,,,,,,,,,,,,
222.0,Pollo. hervido,,829.0,198.0,63,23.1,11.7,...,2.2,110.0,363.0,2.0,158.0,1.71,,,,,,Carnes.xls,,,,,,,,,,,,,,,,,,,,,,,,
225.0,Rana. carne de la pata. fresca. cruda,,268.0,64.0,83.7,15.5,0.2,...,0.6,,,,,,,,,,,Carnes.xls,,,,,,,,,,,,,,,,,,,,,,,,
558.0,Hamburguesas light asada,  ,,199.0,62.8,21.0,12.8,,2.7,747.0,329.0,9.6,254.0,2.7,5.4,,,,,Carnes.xls,,,,,,,,,,,,,,,,,,,,,,,,
559.0,Hamburguesas regulares de carne vacuna asadas,  ,,248.0,59.6,20.5,18.4,,2.6,769.0,316.0,7.6,223.0,2.5,5.2,,,,,Carnes.xls,,,,,,,,,,,,,,,,,,,,,,,,
560.0,Salchichas  light tipo Viena  ,  ,,136.0,68,14.2,4.4,,3.6,1093.0,256.0,32.0,159.0,1.9,2.6,,,,,Carnes.xls,,,,,,,,,,,,,,,,,,,,,,,,
561.0,Salchichas light tipo Viena hervidas,  ,,139.0,68.3,13.7,5,,3.2,973.0,223.0,33.0,135.0,1.9,2.5,,,,,Carnes.xls,,,,,,,,,,,,,,,,,,,,,,,,
562.0,Salchichas tipo Viena ,  ,,211.0,60.4,11.3,13.6,,3.9,1292.0,222.0,37.0,180.0,1.6,1.9,,,,,Carnes.xls,,,,,,,,,,,,,,,,,,,,,,,,
563.0,Salchichas tipo Viena hervidas,  ,,209.0,60.9,11.8,13.4,,3.5,1141.0,183.0,40.0,162.0,1.8,1.9,,,,,Carnes.xls,,,,,,,,,,,,,,,,,,,,,,,,
226.0,Vacuno. asado. fresco. crudo,,711.8,170.0,69.5,18.4,10.7,...,1.4,,,,,,,,,,,Carnes.xls,,,,,,,,,,,,,,,,,,,,,,,,
227.0,Vacuno. bife. a la parrilla,,791.3,189.0,63.9,24.6,10.1,...,1.4,97.0,367.0,4.0,238.0,3.52,,,,,,Carnes.xls,,,,,,,,,,,,,,,,,,,,,,,,
503.0,Vacuno. bife angosto c/c de novillito. fresco. crudo,,795.5,190.0,67,21.0,12,0,,42.0,,,,,,,,,,Carnes.xls,,,,,,,,,,,,,,,,,,,,,,,,
504.0,Vacuno. bola de lomo de novillito. fresco. crudo,,477.3,114.0,74.3,22.0,3.2,0,1.1,44.0,,,,,,,,,,Carnes.xls,,,,,,,,,,,,,,,,,,,,,,,,
505.0,Vacuno. brazuelo de novillito. fresco. crudo,,502.4,120.0,73.8,21.0,3.9,0,0.97,56.0,,,,,,,,,,Carnes.xls,,,,,,,,,,,,,,,,,,,,,,,,
228.0,Vacuno. caracú (médula de hueso largo). crudo,,3286.8,785.0,...,0.5,87,...,12.5,,,,,,,,,,,Carnes.xls,,,,,,,,,,,,,,,,,,,,,,,,
506.0,Vacuno. colita de cuadril de novillito. fresco. crudo,,598.7,143.0,71.6,21.0,6.7,0,1,36.0,,,,,,,,,,Carnes.xls,,,,,,,,,,,,,,,,,,,,,,,,
507.0,Vacuno. corazón de cuadril de novillito. fresco. crudo,,485.7,116.0,73.7,22.0,2.6,0,1,39.0,,,,,,,,,,Carnes.xls,,,,,,,,,,,,,,,,,,,,,,,,
229.0,Vacuno. cuadril y bife angosto flaco. fresco. crudo,,464.8,111.0,74,21.0,3,...,2,47.0,368.0,2.0,234.0,3.18,,,,,,Carnes.xls,,,,,,,,,,,,,,,,,,,,,,,,
230.0,Vacuno. en conserva. enlatado,,937.9,224.0,59.5,23.7,14.4,...,2.4,895.0,148.0,14.0,145.0,13.45,,,,,,Carnes.xls,,,,,,,,,,,,,,,,,,,,,,,,
554.0,Vacuno. hamburguesas cocidas,  ,1038.4,248.0,59.6,20.5,18.4,,2.6,834.0,322.0,9.0,,2.4,5,,,,,Carnes.xls,,,,,,,,,,,,,,,,,,,,,,,,
553.0,Vacuno. hamburguesas crudas,  ,912.8,218.0,63.9,17.3,16.5,,2.62,703.0,278.0,7.0,,1.79,3.7,,,,,Carnes.xls,,,,,,,,,,,,,,,,,,,,,,,,
556.0,Vacuno. hamburguesas light cocidas,  ,833.2,199.0,62.8,21.0,12.8,,2.69,862.0,342.0,12.0,,2.66,5.3,,,,,Carnes.xls,,,,,,,,,,,,,,,,,,,,,,,,
555.0,Vacuno. hamburguesas light crudas,  ,732.7,175.0,68.2,18.4,11.3,,2.39,754.0,320.0,11.0,,2.01,4.3,,,,,Carnes.xls,,,,,,,,,,,,,,,,,,,,,,,,
231.0,Vacuno. hígado. crudo,,552.7,132.0,69.7,19.7,3.2,6,1.4,86.0,320.0,4.0,376.0,9.95,,0.187,2.3,12.7,,Carnes.xls,,,,,,,,,,,,,,,,,,,,,,,,
232.0,Vacuno. jugo de carne,,138.2,33.0,91.4,6.8,0.6,...,1.2,247.0,618.0,2.0,252.0,1.08,,,,,,Carnes.xls,,,,,,,,,,,,,,,,,,,,,,,,
233.0,Vacuno. lomo. fresco. crudo,,485.7,116.0,71.6,20.0,4,...,2.1,79.0,369.0,2.0,188.0,2.73,,,,,,Carnes.xls,,,,,,,,,,,,,,,,,,,,,,,,
510.0,Vacuno. nalga de novillito. fresco. crudo,,443.8,106.0,74.5,22.0,1.7,0,1.2,38.0,,,,,,,,,,Carnes.xls,,,,,,,,,,,,,,,,,,,,,,,,
234.0,Vacuno. nalga. fresco. crudo,,406.1,97.0,75.3,21.2,1.4,...,2.1,63.0,399.0,3.0,186.0,3.46,,,,,,Carnes.xls,,,,,,,,,,,,,,,,,,,,,,,,
511.0,Vacuno. paleta de novillito. fresco. crudo,,523.4,125.0,74.7,19.0,5.5,0,1,63.0,,,,,,,,,,Carnes.xls,,,,,,,,,,,,,,,,,,,,,,,,
512.0,Vacuno. paletín o marucha de novillito. fresco. crudo,,552.7,132.0,73.6,20.0,6.1,0,1,80.0,,,,,,,,,,Carnes.xls,,,,,,,,,,,,,,,,,,,,,,,,
513.0,Vacuno. palomita de novillito. fresco. crudo,,485.7,116.0,74.4,20.0,3.7,0,1.1,61.0,,,,,,,,,,Carnes.xls,,,,,,,,,,,,,,,,,,,,,,,,
235.0,Vacuno. pasta de hígado,,1402.6,335.0,52.6,14.0,31,...,2.4,627.0,209.0,25.0,317.0,7.6,,,,,,Carnes.xls,,,,,,,,,,,,,,,,,,,,,,,,
514.0,Vacuno. peceto de novillito. fresco. crudo,,523.4,125.0,74.1,23.0,1.9,0,1.1,50.0,,,,,,,,,,Carnes.xls,,,,,,,,,,,,,,,,,,,,,,,,
515.0,Vacuno. pecho de novillito. fresco. crudo,,582.0,139.0,72.1,20.0,6.5,0,1.29,170.0,,,,,,,,,,Carnes.xls,,,,,,,,,,,,,,,,,,,,,,,,
236.0,Vacuno. riñon. fresco. crudo,,573.6,137.0,74.9,15.0,8.1,0.9,1.1,245.0,231.0,14.0,262.0,15.0,,0.24,1.7,10.5,,Carnes.xls,,,,,,,,,,,,,,,,,,,,,,,,
521.0,Vacuno. tapa de cuadril de novillito. fresco. crudo,,883.5,211.0,64.4,20.0,15,0,1.03,53.0,,,,,,,,,,Carnes.xls,,,,,,,,,,,,,,,,,,,,,,,,
237.0,Vacuno. ternera. costilla flaca. a la parrilla,,582.0,139.0,67.8,27.2,3.4,...,1.6,74.0,406.0,4.0,224.0,4.09,,,,,,Carnes.xls,,,,,,,,,,,,,,,,,,,,,,,,
238.0,Vacuno. ternera. costilla flaca. fresco. crudo,,397.8,95.0,76.3,20.0,1.7,...,2,88.0,325.0,5.0,201.0,2.04,,,,,,Carnes.xls,,,,,,,,,,,,,,,,,,,,,,,,
516.0,Vacuno. tortuguita de novillito. fresco. crudo,,644.8,154.0,70.1,22.0,7.6,0,0.9,69.0,,,,,,,,,,Carnes.xls,,,,,,,,,,,,,,,,,,,,,,,,
240.0,Vacuno. vacío. a la parrilla,,1080.2,258.0,55.6,25.6,17.3,...,1.5,91.0,381.0,3.0,204.0,4.12,,,,,,Carnes.xls,,,,,,,,,,,,,,,,,,,,,,,,
241.0,Vacuno. vacío. al horno,,1009.1,241.0,56.1,28.1,14.3,...,1.5,63.0,339.0,3.0,234.0,4.37,,,,,,Carnes.xls,,,,,,,,,,,,,,,,,,,,,,,,
517.0,Vacuno. vacío de novillito. fresco. crudo,,728.5,174.0,68.9,20.0,11,0,0.9,53.0,,,,,,,,,,Carnes.xls,,,,,,,,,,,,,,,,,,,,,,,,
239.0,Vacuno. vacío flaco. fresco. crudo,,716.0,171.0,66.5,23.8,8.4,...,1.3,70.0,359.0,2.0,213.0,3.15,,,,,,Carnes.xls,,,,,,,,,,,,,,,,,,,,,,,,
242.0,Bife. cocido,,975.6,233.0,52.7,36.0,9.9,0.1,1.35,,,,,,,,,,,Carnes.xls,,,,,,,,,,,,,,,,,,,,,,,,
243.0,Bife. crudo,,502.4,120.0,71.6,20.7,2.2,4.3,1.18,,,,,,,,,,,Carnes.xls,,,,,,,,,,,,,,,,,,,,,,,,
244.0,Nalga. cocida,,824.8,197.0,55.3,38.6,4.4,0.7,0.99,,,,,,,,,,,Carnes.xls,,,,,,,,,,,,,,,,,,,,,,,,
245.0,Nalga. cruda,,410.3,98.0,74.4,19.5,,4.9,1.14,,,,,,,,,,,Carnes.xls,,,,,,,,,,,,,,,,,,,,,,,,
246.0,Paleta. cocida,,866.7,207.0,54.6,37.0,6.4,0.4,1.56,,,,,,,,,,,Carnes.xls,,,,,,,,,,,,,,,,,,,,,,,,
247.0,Paleta. cruda,,448.0,107.0,76.4,19.0,3.4,0.2,1.02,,,,,,,,,,,Carnes.xls,,,,,,,,,,,,,,,,,,,,,,,,
248.0,Vacío. cocido,,967.2,231.0,48.9,41.1,6.8,1.2,1.86,,,,,,,,,,,Carnes.xls,,,,,,,,,,,,,,,,,,,,,,,,
249.0,Vacío. crudo,,439.6,105.0,75.3,18.4,2.2,3.1,1.06,,,,,,,,,,,Carnes.xls,,,,,,,,,,,,,,,,,,,,,,,,
250.0,Bife. cocido,,988.1,236.0,51.8,36.5,9.8,0.3,1.6,,,,,,,,,,,Carnes.xls,,,,,,,,,,,,,,,,,,,,,,,,
251.0,Bife. crudo,,502.4,120.0,72.2,21.1,2.5,3.2,1.07,,,,,,,,,,,Carnes.xls,,,,,,,,,,,,,,,,,,,,,,,,
252.0,Nalga. cocida,,741.1,177.0,59.6,35.1,3.8,0.6,0.87,,,,,,,,,,,Carnes.xls,,,,,,,,,,,,,,,,,,,,,,,,
253.0,Nalga. cruda,,431.3,103.0,74.4,21.0,1.1,2.5,1.09,,,,,,,,,,,Carnes.xls,,,,,,,,,,,,,,,,,,,,,,,,
254.0,Paleta. cocida,,803.9,192.0,56.8,35.5,5.2,0.9,1.58,,,,,,,,,,,Carnes.xls,,,,,,,,,,,,,,,,,,,,,,,,
255.0,Paleta. cruda,,443.8,106.0,75.8,18.4,2.7,2,1.02,,,,,,,,,,,Carnes.xls,,,,,,,,,,,,,,,,,,,,,,,,
256.0,Vacío. cocido,,850.0,203.0,53.9,38.4,5,1.2,1.54,,,,,,,,,,,Carnes.xls,,,,,,,,,,,,,,,,,,,,,,,,
257.0,Vacío. crudo,,448.0,107.0,75.3,18.4,2.5,2.7,1.03,,,,,,,,,,,Carnes.xls,,,,,,,,,,,,,,,,,,,,,,,,
258.0,Bola de lomo,,,,,,2.5,,,,,,,,,,,,,Carnes.xls,,,,,,,,,,,,,,,,,,,,,,,,
259.0,Carré,,,,,,2,,,,,,,,,,,,,Carnes.xls,,,,,,,,,,,,,,,,,,,,,,,,
260.0,Cuadrada,,,,,,3.2,,,,,,,,,,,,,Carnes.xls,,,,,,,,,,,,,,,,,,,,,,,,
261.0,Lomo,,,,,,2.1,,,,,,,,,,,,,Carnes.xls,,,,,,,,,,,,,,,,,,,,,,,,
262.0,Nalga,,,,,,2,,,,,,,,,,,,,Carnes.xls,,,,,,,,,,,,,,,,,,,,,,,,
263.0,Peceto,,,,,,4.5,,,,,,,,,,,,,Carnes.xls,,,,,,,,,,,,,,,,,,,,,,,,
270.0,Bife,,,,,,1.8,,,,,,,,,,,,,Carnes.xls,,,,,,,,,,,,,,,,,,,,,,,,
264.0,Bola de lomo,,,,,,2.2,,,,,,,,,,,,,Carnes.xls,,,,,,,,,,,,,,,,,,,,,,,,
265.0,Cuadrada,,,,,,2.3,,,,,,,,,,,,,Carnes.xls,,,,,,,,,,,,,,,,,,,,,,,,
266.0,Cuadril,,,,,,2.3,,,,,,,,,,,,,Carnes.xls,,,,,,,,,,,,,,,,,,,,,,,,
267.0,Nalga,,,,,,2.1,,,,,,,,,,,,,Carnes.xls,,,,,,,,,,,,,,,,,,,,,,,,
268.0,Peceto,,,,,,2.2,,,,,,,,,,,,,Carnes.xls,,,,,,,,,,,,,,,,,,,,,,,,
269.0,Total pata,,,,,,2.3,,,,,,,,,,,,,Carnes.xls,,,,,,,,,,,,,,,,,,,,,,,,
271.0,Pata sin piel,,,,,,3.9,,,,,,,,,,,,,Carnes.xls,,,,,,,,,,,,,,,,,,,,,,,,
272.0,Pechuga sin piel,,,,,,1.2,,,,,,,,,,,,,Carnes.xls,,,,,,,,,,,,,,,,,,,,,,,,
273.0,Piel sola,,,,,,45.7,,,,,,,,,,,,,Carnes.xls,,,,,,,,,,,,,,,,,,,,,,,,
274.0,Bife angosto,,,,,,2.4,,,,,,,,,,,,,Carnes.xls,,,,,,,,,,,,,,,,,,,,,,,,
275.0,Bola de lomo,,,,,,2.6,,,,,,,,,,,,,Carnes.xls,,,,,,,,,,,,,,,,,,,,,,,,
279.0,Cuadrada,,,,,,1.1,,,,,,,,,,,,,Carnes.xls,,,,,,,,,,,,,,,,,,,,,,,,
276.0,Cuadril. colita,,,,,,1.9,,,,,,,,,,,,,Carnes.xls,,,,,,,,,,,,,,,,,,,,,,,,
277.0,Cuadril. corazón,,,,,,2.2,,,,,,,,,,,,,Carnes.xls,,,,,,,,,,,,,,,,,,,,,,,,
278.0,Cuadril. tapa,,,,,,3,,,,,,,,,,,,,Carnes.xls,,,,,,,,,,,,,,,,,,,,,,,,
280.0,Lomo,,,,,,3.8,,,,,,,,,,,,,Carnes.xls,,,,,,,,,,,,,,,,,,,,,,,,
281.0,Marucha,,,,,,3.6,,,,,,,,,,,,,Carnes.xls,,,,,,,,,,,,,,,,,,,,,,,,
282.0,Nalga,,,,,,1,,,,,,,,,,,,,Carnes.xls,,,,,,,,,,,,,,,,,,,,,,,,
283.0,Palomita,,,,,,4.6,,,,,,,,,,,,,Carnes.xls,,,,,,,,,,,,,,,,,,,,,,,,
284.0,Peceto,,,,,,1.6,,,,,,,,,,,,,Carnes.xls,,,,,,,,,,,,,,,,,,,,,,,,
285.0,Bife angosto,,,,,,3.2,,,,,,,,,,,,,Carnes.xls,,,,,,,,,,,,,,,,,,,,,,,,
286.0,Bola de lomo,,,,,,3.1,,,,,,,,,,,,,Carnes.xls,,,,,,,,,,,,,,,,,,,,,,,,
290.0,Cuadrada,,,,,,1.2,,,,,,,,,,,,,Carnes.xls,,,,,,,,,,,,,,,,,,,,,,,,
287.0,Cuadril. colita,,,,,,2.7,,,,,,,,,,,,,Carnes.xls,,,,,,,,,,,,,,,,,,,,,,,,
288.0,Cuadril. corazón,,,,,,2.9,,,,,,,,,,,,,Carnes.xls,,,,,,,,,,,,,,,,,,,,,,,,
289.0,Cuadril. tapa,,,,,,4.2,,,,,,,,,,,,,Carnes.xls,,,,,,,,,,,,,,,,,,,,,,,,
291.0,Lomo,,,,,,5.2,,,,,,,,,,,,,Carnes.xls,,,,,,,,,,,,,,,,,,,,,,,,
292.0,Marucha,,,,,,3.9,,,,,,,,,,,,,Carnes.xls,,,,,,,,,,,,,,,,,,,,,,,,
293.0,Nalga,,,,,,1.1,,,,,,,,,,,,,Carnes.xls,,,,,,,,,,,,,,,,,,,,,,,,
294.0,Palomita,,,,,,5.4,,,,,,,,,,,,,Carnes.xls,,,,,,,,,,,,,,,,,,,,,,,,
295.0,Peceto,,,,,,1.8,,,,,,,,,,,,,Carnes.xls,,,,,,,,,,,,,,,,,,,,,,,,
522.0,"Jamon cocido ""Villafranca Novissimo"".El Bierzo. Reducido en colesterol",  ,410.3,98.0,74.3,18.0,2.5,,3.1,486.0,,,,,,,,,,Carnes.xls,,,,,,,,,,,,,,,,,,,,,,,,
523.0,"Lomo ahumado de cerdo cocido ""Villafranca Novissimo"". El Bierzo. Reducido en sodio y en colesterol",  ,397.8,95.0,73.6,19.0,2,,4.3,902.0,,,,,,,,,,Carnes.xls,,,,,,,,,,,,,,,,,,,,,,,,
524.0,"Mortadela"" Villafranca Novissimo"". El Bierzo - reducida en grasa y en sodio",  ,582.0,139.0,66.7,16.0,5.7,,4,655.0,,,,,,,,,,Carnes.xls,,,,,,,,,,,,,,,,,,,,,,,,
525.0,"Pastron ahumado ""Villafranca Novissimo"". El Bierzo. Reducido en sodio y en colesterol",  ,330.8,79.0,75.5,16.0,0.4,,3.4,658.0,,,,,,,,,,Carnes.xls,,,,,,,,,,,,,,,,,,,,,,,,
526.0,"Salame ""Villafranca Novissimo"".El Bierzo.Reducido en sodio y en colesterol",  ,561.1,134.0,67.6,22.0,4.6,,3.9,740.0,,,,,,,,,,Carnes.xls,,,,,,,,,,,,,,,,,,,,,,,,
557.0,Carne de vizcacha,Lagostomus maximus maximus Blainv,192.6,46.0,73,23.9,3.7,7.7,3.61,,260.0,69.0,29.0,2.57,,,,,9.9,Carnes.xls,,,,,,,,,,,,,,,,,,,,,,,,
484.0,Amaranto. semilla. cruda (Amarantus caudatus),Amarantus caudatus,1607.8,384.0,,15.3,7.6,63.6,2.29,,,,,12.17,4.8,,,,,Cereales.xls,,,,,,,11.2,,,,,,,,,,,,,,,,,
486.0,Amaranto. semilla. cruda (Amarantus hipochondriacus),Amarantus hipochondriacus,1595.8,381.0,,14.4,7.4,64.3,2.47,,,,,13.5,4.9,,,,,Cereales.xls,,,,,,,11.5,,,,,,,,,,,,,,,,,
483.0,Amaranto. semilla. cruda (Amarantus mantegazzianus),Amarantus mantegazzianus,1623.3,388.0,,15.4,8.4,62.7,2.75,,,,,8.22,4,,,,,Cereales.xls,,,,,,,10.8,,,,,,,,,,,,,,,,,
485.0,Amaranto. semillia. cruda (Amarantus cruentus),Amarantus cruentus,1608.2,384.0,,15.6,7.6,63.4,2.18,,,,,10.89,3.8,,,,,Cereales.xls,,,,,,,11.3,,,,,,,,,,,,,,,,,
1.0,Arroz. grano. blanco. pulido. crudo,,1419.0,339.0,,6.9,0.2,79.2,1.2,4.0,78.0,9.0,93.0,0.7,,0.038,0.091,4.7,,Cereales.xls,,,,,,,12.5,77.5,1.7,,,,,,,,,,,,,,,
2.0,Arroz. grano. blanco. pulido. hervido,,343.0,82.0,,1.4,0.1,19.4,0.1,5.0,80.0,3.0,26.0,0.63,,,,,,Cereales.xls,,,,,,,79.0,19.1,0.3,,,,,,,,,,,,,,,
3.0,Avena . grano. arrollada. cruda,,1603.6,383.0,,15.6,7.8,62.5,2.2,47.0,391.0,36.0,360.0,4.13,,0.594,0.158,1.4,,Cereales.xls,,,,,,,11.9,,,,,,,,,,,,,,,,,
4.0,Avena. grano. arrollada. cruda,,1436.1,343.0,,12.8,7.1,,1.9,65.0,460.0,21.0,333.0,4.2,4.4,,,,,Cereales.xls,,,,,,,10.9,56.9,10.4,,,,,,,,,,,,,,,
5.0,Avena. grano. arrollada. hervida,,360.0,86.0,,3.8,1.9,15.8,1.4,21.0,87.0,12.0,90.0,1.09,,,,,,Cereales.xls,,,,,,,77.1,13.4,2.4,,,,,,,,,,,,,,,
6.0,Cebada. grano. mondado. perlado. crudo,,1326.0,317.0,,10.2,1.5,74.9,1.4,6.0,138.0,15.0,204.0,2.77,,0.085,0.118,7.4,,Cereales.xls,,,,,,,12.0,65.6,9.3,,,,,,,,,,,,,,,
7.0,Cebada. grano. mondado. perlado. hervido,,344.0,82.0,,3.8,0.1,19.3,...,13.0,59.0,7.0,35.0,0.68,,,,,,Cereales.xls,,,,,,,77.2,16.5,2.8,,,,,,,,,,,,,,,
8.0,"Cebada. harina ""Genser"". cruda",,1374.0,328.0,,10.2,1.7,76.9,1.2,,,,,,,0.081,0.16,1.7,,Cereales.xls,,,,,,,10.0,68.0,8.0,,,,,,,,,,,,,,,
9.0,Centeno. harina. clara. cruda,,1392.0,332.0,,8.9,0.9,78.5,0.7,,,,,,,0.143,0.258,1.3,,Cereales.xls,,,,,,,11.0,72.2,6.3,,,,,,,,,,,,,,,
10.0,Centeno. pan,,863.0,206.0,,8.7,0.6,48.9,1.6,219.0,205.0,23.0,156.0,2.3,,,,,,Cereales.xls,,,,,,,40.2,41.5,7.4,,,,,,,,,,,,,,,
11.0,Centeno. pan con harina integral,,894.0,214.0,,10.4,0.9,49,1.3,466.0,259.0,31.0,278.0,2.16,,,,,,Cereales.xls,,,,,,,38.4,41.0,8.0,,,,,,,,,,,,,,,
488.0,Maiz. amarillo Leales. grano entero. crudo,Zea Mays,1448.7,346.0,,10.6,0.8,74.1,1.13,,,,281.0,9.46,3.2,,,,,Cereales.xls,,,,,,,13.4,,,,,,,,,,,,,,,,,
490.0,Maiz amarillo. pisingallo. grano entero. crudo,Zea Mays,1444.5,345.0,,10.9,0.5,74.6,1.34,,,,203.0,7.74,1.8,,,,,Cereales.xls,,,,,,,12.7,,,,,,,,,,,,,,,,,
491.0,Maiz amarillo. sémola. grano entero. crudo,Zea Mays,1277.0,305.0,,9.0,1.1,76.4,0.68,,,,38.0,1.11,1,,,,,Cereales.xls,,,,,,,12.8,,,,,,,,,,,,,,,,,
489.0,Maiz. amarillo trópico 327. grano entero. crudo  ,Zea Mays,1439.1,344.0,,9.8,1.1,73.6,1.55,,,,251.0,6.37,2,,,,,Cereales.xls,,,,,,,13.9,,,,,,,,,,,,,,,,,
487.0,Maiz. blanco 8 rayas. grano entero. crudo,Zea Mays,1423.6,340.0,,7.3,0.9,77.7,1.13,,,,261.0,3.38,1.8,,,,,Cereales.xls,,,,,,,13.0,,,,,,,,,,,,,,,,,
482.0,Maiz. blanco perla. grano entero. crudo,Zea mays,1402.6,335.0,,9.0,0.9,74.8,1.48,,,,325.0,11.5,2.5,,,,,Cereales.xls,,,,,,,13.9,,,,,,,,,,,,,,,,,
12.0,Maiz. choclo,,405.0,97.0,,3.7,1.2,20.5,0.7,40.0,113.0,6.0,103.0,0.47,,0.134,0.081,2,8.2,Cereales.xls,,,,,,,73.9,17.8,2.7,,,,,,,,,,,,,,,
13.0,Maiz. grano. entero (Zea mays spp),Zea mays,1449.0,346.0,,9.5,0.9,74.9,1.3,,,,280.0,,,,,,,Cereales.xls,,,,,,,13.4,67.6,7.3,,,,,,,,,,,,,,,
14.0,Maiz. harina amarilla (polenta). cruda,,1545.0,369.0,,11.1,3.2,73.9,1.1,25.0,269.0,12.0,87.0,2.61,,0.189,0.131,2.4,,Cereales.xls,,,,,,,10.7,,,,,,,,,,,,,,,,,
15.0,Maiz. harina amarilla (polenta). cruda,,1415.0,338.0,,9.1,4.9,73.4,0.72,35.0,299.0,26.0,170.0,2.9,2,,,,,Cereales.xls,,,,,,,11.9,64.5,8.9,,,,,,,,,,,,,,,
16.0,Maiz. harina amarilla (polenta). hervida,,285.0,68.0,,3.2,0.8,13.7,0.1,11.0,55.0,8.0,42.0,0.92,,,,,,Cereales.xls,,,,,,,82.7,11.9,1.8,,,,,,,,,,,,,,,
17.0,Maiz. pan,,1151.4,275.0,,9.1,2.9,53.2,1,,,,,,,,,,,Cereales.xls,,,,,,,33.8,,,,,,,,,,,,,,,,,
19.0,"Trigo. bizcochos ""Bay Biscuit""",,1653.0,382.0,,5.9,10.1,72.5,2.6,171.0,97.0,212.0,125.0,1.24,,,,,,Cereales.xls,,,,,,,15.2,67.1,1.5,,,,,,,,,,,,,,,
21.0,Trigo. bizcochos. vainillas,,1679.0,401.0,,10.2,8.9,70,4.7,111.0,138.0,69.0,339.0,1.09,,,,,,Cereales.xls,,,,,,,6.2,,,,,,,,,,,,,,,,,
22.0,Trigo. galleta de campo,,1256.1,300.0,,9.8,1,63,1.4,295.0,136.0,28.0,194.0,0.14,,,,,,Cereales.xls,,,,,,,24.8,,,,,,,,,,,,,,,,,
23.0,Trigo. galleta marinera,,1511.5,361.0,,12.8,0.7,75.9,0.1,30.0,10.0,16.0,115.0,0.14,,,,,,Cereales.xls,,,,,,,10.5,,,,,,,,,,,,,,,,,
24.0,"Trigo. galletitas de agua ""Express""",,1850.7,442.0,,13.5,15.5,62,3.9,323.0,99.0,44.0,174.0,0.93,,,,,,Cereales.xls,,,,,,,5.1,,,,,,,,,,,,,,,,,
25.0,"Trigo. galletitas de agua ""Traviata""",,1829.7,437.0,,12.2,13.1,67.6,3.4,640.0,52.0,51.0,117.0,3.65,,,,,,Cereales.xls,,,,,,,3.7,,,,,,,,,,,,,,,,,
26.0,Trigo. galletitas de harina blanca,,1716.7,410.0,,12.2,11.6,,1.3,141.0,160.0,18.0,59.0,1.7,2.2,,,,,Cereales.xls,,,,,,,6.0,64.2,4.7,,,,,,,,,,,,,,,
27.0,Trigo. galletitas de harina integral,,1720.9,411.0,,10.6,15.8,,1.89,141.0,182.0,19.0,200.0,2.0,2.2,,,,,Cereales.xls,,,,,,,5.4,56.5,9.8,,,,,,,,,,,,,,,
28.0,"Trigo. galletitas dulces ""Manón""",,1746.0,417.0,,8.5,10.1,73,5.4,233.0,41.0,42.0,111.0,0.99,,,,,,Cereales.xls,,,,,,,3.0,,,,,,,,,,,,,,,,,
29.0,"Trigo. galletitas dulces ""Minue""",,1754.4,419.0,,8.2,13.1,67,5.5,209.0,97.0,40.0,180.0,1.79,,,,,,Cereales.xls,,,,,,,6.2,,,,,,,,,,,,,,,,,
30.0,"Trigo. galletitas oblea ""Opera""",,1850.7,442.0,,4.9,21.1,58,4,208.0,43.0,46.0,128.0,1.79,,,,,,Cereales.xls,,,,,,,12.0,,,,,,,,,,,,,,,,,
18.0,Trigo. grano entero. crudo,,1452.9,347.0,,12.4,2,69.8,3.1,9.0,355.0,14.0,333.0,2.62,,,,,,Cereales.xls,,,,,,,12.7,,,,,,,,,,,,,,,,,
31.0,Trigo. grisines,,1432.0,342.0,,12.5,0.2,72.6,4.7,628.0,148.0,24.0,143.0,1.68,,,,,,Cereales.xls,,,,,,,10.0,,,,,,,,,,,,,,,,,
33.0,Trigo. harina cuatro ceros,,1457.1,348.0,,10.2,2.6,,0.31,3.0,144.0,11.0,91.0,0.8,1.2,0.165,0.064,1.1,,Cereales.xls,,,,,,,12.7,70.8,3.3,,,,,,,,,,,,,,,
34.0,Trigo. harina integral,,1289.6,308.0,,11.4,3,,1.81,16.0,605.0,27.0,267.0,3.3,3.8,1.557,0.364,5.2,,Cereales.xls,,,,,,,12.4,58.8,12.6,,,,,,,,,,,,,,,
32.0,Trigo. harina tres cero,,1423.6,340.0,,10.3,2.7,,0.64,10.0,176.0,11.0,171.0,1.5,1.8,0.219,0.09,1.7,,Cereales.xls,,,,,,,13.1,68.7,4.6,,,,,,,,,,,,,,,
38.0,Trigo. pan alemán,,1105.4,264.0,,8.9,0.2,56.7,0.2,150.0,69.0,19.0,97.0,1.4,,0.197,0.273,2.5,,Cereales.xls,,,,,,,34.0,,,,,,,,,,,,,,,,,
39.0,Trigo. pan criollo,,1172.4,280.0,,8.7,0.3,60.7,1.1,264.0,128.0,20.0,121.0,1.2,,,,,,Cereales.xls,,,,,,,29.2,,,,,,,,,,,,,,,,,
41.0,Trigo. pan de salvado,,933.7,223.0,,9.8,1.6,,2.1,112.0,338.0,68.0,209.0,1.2,,,,,,Cereales.xls,,,,,,,35.0,42.3,9.2,,,,,,,,,,,,,,,
40.0,Trigo. pan de Viena,,1285.4,307.0,,9.8,1.9,62.6,1,71.0,132.0,39.0,157.0,1.2,,,,,,Cereales.xls,,,,,,,24.7,,,,,,,,,,,,,,,,,
37.0,Trigo. pan francés,,1122.1,268.0,,8.4,0.7,,1.37,136.0,175.0,19.0,136.0,1.0,1.8,,,,,Cereales.xls,,,,,,,29.8,57.0,2.8,,,,,,,,,,,,,,,
36.0,Trigo. pan francés,,1126.3,269.0,,9.3,0.2,57.4,2,274.0,93.0,22.0,107.0,1.1,,0.242,0.282,2.3,,Cereales.xls,,,,,,,30.9,,,,,,,,,,,,,,,,,
42.0,Trigo. pan negro con levadura agria,,1134.7,271.0,,8.4,0.5,58.3,1.2,84.0,165.0,21.0,208.0,2.9,,,,,,Cereales.xls,,,,,,,31.6,,,,,,,,,,,,,,,,,
43.0,Trigo. pan negro con levadura comprimida,,1126.3,269.0,,9.5,2.4,52.4,1.7,123.0,161.0,21.0,379.0,2.9,,,,,,Cereales.xls,,,,,,,34.0,,,,,,,,,,,,,,,,,
44.0,Trigo. pan negro sin levadura,,1126.3,269.0,,9.6,0.6,56.3,1.3,45.0,214.0,24.0,210.0,2.3,,,,,,Cereales.xls,,,,,,,32.2,,,,,,,,,,,,,,,,,
35.0,Trigo. salvado,,716.0,171.0,,16.3,5.5,,5.42,27.0,1304.0,74.0,904.0,9.2,9.6,1.058,0.5,19.1,,Cereales.xls,,,,,,,14.0,14.0,44.7,,,,,,,,,,,,,,,
45.0,Trigo. sémola. cruda,,1461.3,349.0,,11.7,0.9,73.4,1.6,11.0,149.0,12.0,132.0,2.71,,0.183,0.124,3.6,,Cereales.xls,,,,,,,12.4,,,,,,,,,,,,,,,,,
46.0,Trigo. sémola. hervida,,293.1,70.0,,2.4,...,15,0.4,5.0,26.0,3.0,32.0,0.8,,,,,,Cereales.xls,,,,,,,82.2,,,,,,,,,,,,,,,,,
47.0,Trigo. tallarines. frescos. hervidos,,410.3,98.0,,4.1,1.5,16.9,2.9,,,,,,,,,,,Cereales.xls,,,,,,,74.6,,,,,,,,,,,,,,,,,
496.0,Aceituna de monte,Zyziphus sativa,389.4,93.0,77.7,1.6,0.4,19.4,192,33.0,29.0,0.59,,,,,,,10.0,Frutas.xls,,,,,,,,0.85,,,,,,,,,,,,,,,,
119.0,Aceituna verde. pulpa. encurtida,Olea europaea,602.9,144.0,75.2,1.5,13.5,4,91,61.0,17.0,1.03,,0.025,0.137,,,2.6,1.6,Frutas.xls,,,,,,,,5.8,2250.0,,,,,,,,,,,,,,,
121.0,Ananá enlatado. contenido envase,,364.3,87.0,78,0.4,0.1,21.1,57,13.0,5.0,1.7,,0.08,0.081,,,0.6,12.8,Frutas.xls,,,,,,,,0.4,1.0,,,,,,,,,,,,,,,
120.0,Ananá. pulpa. fresco,Ananassa sativa L.,242.8,58.0,85.3,0.4,0.2,13.7,247,12.0,8.0,0.42,,0.066,0.078,,,1,40.3,Frutas.xls,,,,,,,,0.4,2.0,,,,,,,,,,,,,,,
122.0,Banana. pulpa. fresca,Musa sapientum L.,414.5,99.0,74.8,1.2,0.2,23,348,7.0,28.0,0.41,,0.061,0.087,,,1.2,6.1,Frutas.xls,,,,,,,,0.8,1.0,,,,,,,,,,,,,,,
123.0,Cereza. pulpa. fresca,Prunus avium L,284.7,68.0,83,1.1,0.5,14.8,275,16.0,17.0,0.38,,0.002,0.035,,,0.8,5.6,Frutas.xls,,,,,,,,0.6,3.0,,,,,,,,,,,,,,,
125.0,Ciruela. pasa. cruda,Prunus domestica L,1067.7,255.0,32.9,1.9,0.1,61.6,846,46.0,92.0,1.81,,0.172,0.569,,,2.7,7.4,Frutas.xls,,,,,,,,3.5,21.0,,,,,,,,,,,,,,,
126.0,Ciruela. pasa. hervida,Prunus domestica L,690.9,165.0,56.4,1.0,0.1,40.1,534,31.0,64.0,3.25,,,,,,,,Frutas.xls,,,,,,,,2.4,16.0,,,,,,,,,,,,,,,
124.0,Ciruela. pulpa. fresca,Prunus domestica L,234.5,56.0,85.7,0.7,0.2,12.9,261,24.0,16.0,0.41,,0.026,0.059,,,0.8,4.2,Frutas.xls,,,,,,,,0.5,2.0,,,,,,,,,,,,,,,
127.0,Coco. pulpa. fresco. crudo,Cocos nucifera,1599.4,382.0,46.9,3.4,34.7,14,436,13.0,94.0,2.08,,0.173,...,,,0.1,,Frutas.xls,,,,,,,,1.0,17.0,,,,,,,,,,,,,,,
128.0,Damasco. pulpa. fresco. crudo,Prunus Armeniaca L.,238.7,57.0,85.4,1.0,0.1,12.9,320,17.0,21.0,0.37,,0.015,0.066,,,1.2,3.1,Frutas.xls,,,,,,,,0.6,1.0,,,,,,,,,,,,,,,
542.0,Doca,Morrenia odorata,205.2,49.0,85.1,1.6,1,11.5,312,41.0,35.0,0.6,,,,,,,41.6,Frutas.xls,,,,,,,,0.8,,,,,,,,,,,,,,,,
131.0,Durazno orejón. pulpa y piel. hervido,Prunus persica L.,167.5,40.0,89.3,2.5,...,7.5,276,20.0,43.0,2.84,,,,,,,,Frutas.xls,,,,,,,,0.7,14.0,,,,,,,,,,,,,,,
130.0,Durazno. pulpa. envasado al natural,Prunus persica L.,314.0,75.0,80.9,0.4,0.1,18.2,151,4.0,10.0,1.93,,0.021,0.045,,,1,3.6,Frutas.xls,,,,,,,,0.4,1.0,,,,,,,,,,,,,,,
129.0,Durazno. pulpa. fresco. crudo,Prunus persica L.,213.5,51.0,86.9,0.5,0.1,12,259,5.0,19.0,0.38,,0.02,0.04,,,0.8,6.3,Frutas.xls,,,,,,,,0.5,3.0,,,,,,,,,,,,,,,
132.0,Frutilla pulpa. fresca. cruda,Fragarta h chiloensis Duch Var. ananassa B.,171.7,41.0,90,0.8,0.6,8.1,161,22.0,23.0,0.71,,0.041,0.051,,,0.4,88.7,Frutas.xls,,,,,,,,0.5,2.0,,,,,,,,,,,,,,,
133.0,Granada. pulpa. fresca,Punica granatium L.,314.0,75.0,81,0.6,0.2,17.7,63,11.0,105.0,0.78,,0.01,0.03,,,...,,Frutas.xls,,,,,,,,0.5,85.0,,,,,,,,,,,,,,,
497.0,Guaraniná. Brumelia obtusifolia,Brumelia obtusifolia,615.5,147.0,65.6,1.6,3.2,23.7,200,56.0,23.0,1.33,,,,,,,16.4,Frutas.xls,,,,,,,,0.85,,,,,,,,,,,,,,,,
134.0,Higo. pulpa. fresca,Ficus carica L.,368.5,88.0,78,1.4,0.4,19.6,268,34.0,32.0,0.42,,0.01,0.045,,,0.7,0.6,Frutas.xls,,,,,,,,0.6,2.0,,,,,,,,,,,,,,,
135.0,Kaki. pulpa. fresco,Diospyrus Kaki L.,364.3,87.0,78.2,0.8,0.4,20,,,,,,0.016,0.001,,,0.1,13.1,Frutas.xls,,,,,,,,0.6,,,,,,,,,,,,,,,,
136.0,Kinoto. pulpa y cáscara. fresco. crudo,Fortunella spp.,305.7,73.0,81.3,0.9,0.1,17.1,,,,,,0.083,0.096,,,,57.6,Frutas.xls,,,,,,,,0.6,,,,,,,,,,,,,,,,
137.0,Limón. pulpa. fresco,Citrus limonia,184.2,44.0,89.3,0.9,0.6,8.7,163,107.0,21.0,0.35,,0.091,0.012,,,,62.6,Frutas.xls,,,,,,,,0.5,6.0,,,,,,,,,,,,,,,
139.0,Manzana. hervida,Malus sylvestria,108.9,26.0,92,0.5,...,6,58,3.0,5.0,0.64,,,,,,,,Frutas.xls,,,,,,,,1.5,4.0,,,,,,,,,,,,,,,
138.0,Manzana. pulpa. fresca. cruda,Malus sylvestria,268.0,64.0,84.1,0.3,0.4,14.9,122,4.0,9.0,0.5,,0.041,0.047,,,0.2,2.8,Frutas.xls,,,,,,,,0.3,5.0,,,,,,,,,,,,,,,
544.0,Mburucuyá maduro,Passiflora sp.,351.7,84.0,68.9,4.7,1.7,23.4,253,14.0,110.0,1.3,,,,,,,14.6,Frutas.xls,,,,,,,,1.38,,,,,,,,,,,,,,,,
543.0,Mburucuyá verde,Passiflora sp.,247.0,59.0,78.6,3.2,1.6,15.7,241,15.0,52.0,5.0,,,,,,,26.4,Frutas.xls,,,,,,,,0.88,,,,,,,,,,,,,,,,
140.0,Melón. pulpa. fresco,Cucumis melo L.,117.2,28.0,92.7,0.6,0.2,5.9,275,17.0,18.0,0.52,,0.042,0.031,,,0.3,14.8,Frutas.xls,,,,,,,,0.6,17.0,,,,,,,,,,,,,,,
141.0,Membrillo. pulpa. fresco. crudo,Cydonia oblonga L.,242.8,58.0,85.3,0.3,0.1,13.9,203,14.0,19.0,0.32,,0.032,0.054,,,0.9,3.4,Frutas.xls,,,,,,,,0.4,3.0,,,,,,,,,,,,,,,
142.0,Mora. fresca,Morus spp.,288.9,69.0,82.8,1.2,0.6,14.6,257,36.0,48.0,1.57,,0.053,0.079,,,1.1,2.4,Frutas.xls,,,,,,,,0.8,2.0,,,,,,,,,,,,,,,
502.0,Ñandapirí,Eugenia uniflora,293.1,70.0,82.8,1.7,0.7,14.3,213,34.0,32.0,0.84,,,,,,,21.5,Frutas.xls,,,,,,,,0.6,,,,,,,,,,,,,,,,
143.0,Palta. pulpa. fresca,Persea gratissima,1080.2,258.0,65.4,1.7,26.4,3.3,396,15.0,31.0,0.53,,0.043,0.14,,,0.4,5.8,Frutas.xls,,,,,,,,3.2,16.0,,,,,,,,,,,,,,,
145.0,Pera. orejón. crudo,Pirus comimunis L.,1251.9,299.0,24,2.3,0.4,71.6,,,,,,0.061,0.106,,,1.3,9.2,Frutas.xls,,,,,,,,1.7,,,,,,,,,,,,,,,,
144.0,Pera. pulpa. fresca. cruda,Pirus comimunis L.,293.1,70.0,82.7,0.7,0.4,15.8,129,8.0,10.0,0.19,,0.057,0.074,,,0.2,3.0,Frutas.xls,,,,,,,,0.4,2.0,,,,,,,,,,,,,,,
146.0,Pomelo. pulpa. fresco,Citrus grandis Osbeck,108.9,26.0,92.9,0.5,...,5.9,147,13.0,10.0,0.21,,0.104,0.078,,,...,47.8,Frutas.xls,,,,,,,,0.7,37.0,,,,,,,,,,,,,,,
147.0,Sandía. pulpa. fresca. cruda,Citrullus vulgaris Schard,129.8,31.0,92.1,0.5,0.2,6.9,73,11.0,3.0,0.23,,0.015,0.022,,,,9.1,Frutas.xls,,,,,,,,0.3,8.0,,,,,,,,,,,,,,,
545.0,Ubajay,Eugenia  myrciantes,205.2,49.0,89,1.1,1.6,8.1,97,32.0,19.0,0.4,,,,,,,75.1,Frutas.xls,,,,,,,,0.29,,,,,,,,,,,,,,,,
148.0,Aceite comestible mezcla Lira. 85% girasol. 15% oliva,,3768.3,900.0,...,,100,,,,,,,,,,,,,Grasas.xls,12.0,33.6,54.6,,,,,,,,,,,,,,,,,,,,,
149.0,Aceite comestible mezcla Patito. 94% girasol. 6% maiz,,3768.3,900.0,...,,100,,,,,,,,,,,,,Grasas.xls,11.0,27.6,61.1,,,,,,,,,,,,,,,,,,,,,
150.0,Aceite de canola,,3768.3,900.0,...,,100,,,,,,,,,,,,,Grasas.xls,6.1,55.0,33.9,,,,,,,,,,,,,,,,,,,,,
151.0,Aceite de girasol Familiar,,3768.3,900.0,...,,100,,,,,,,,,,,,,Grasas.xls,10.9,23.0,61.7,,,,,,,,,,,,,,,,,,,,,
152.0,Aceite de girasol Ideal,,3768.3,900.0,...,,100,,,,,,,,,,,,,Grasas.xls,11.0,27.0,62.0,,,,,,,,,,,,,,,,,,,,,
153.0,Aceite de girasol Natura,,3768.3,900.0,...,,100,,,,,,,,,,,,,Grasas.xls,9.9,24.8,60.9,,,,,,,,,,,,,,,,,,,,,
154.0,Aceite de maiz Arcor,,3768.3,900.0,...,,100,,,,,,,,,,,,,Grasas.xls,14.4,33.6,47.7,,,,,,,,,,,,,,,,,,,,,
155.0,Aceite de maiz Cocinero,Oil,3768.3,900.0,...,,100,,,,,,,,,,,,,Grasas.xls,16.0,37.8,46.6,,,,,,,,,,,,,,,,,,,,,
156.0,Aceite de maiz Mazzola,,3768.3,900.0,...,,100,,,,,,,,,,,,,Grasas.xls,15.2,31.8,48.7,,,,,,,,,,,,,,,,,,,,,
157.0,Aceite de oliva Cocinero,,3768.3,900.0,...,,100,,,,,,,,,,,,,Grasas.xls,17.0,71.1,12.4,,,,,,,,,,,,,,,,,,,,,
158.0,Aceite de uva Cocinero,,3768.3,900.0,...,,100,,,,,,,,,,,,,Grasas.xls,11.0,23.6,65.6,,,,,,,,,,,,,,,,,,,,,
159.0,Grasa de cerdo,,3759.9,898.0,0.1,,99.8,,,,,,,,,,,,,Grasas.xls,,,,,,,,,,,,,,,,,,,,,,,,
160.0,Grasa Vacuna,,3764.1,899.0,0.1,,99.9,,,,,,,,,,,,,Grasas.xls,,,,,,,,,,,,,,,,,,,,,,,,
162.0,Margarina 100% vegetal Delicia,,3127.7,747.0,16,,83,,,,,,,,,,,,,Grasas.xls,20.3,49.8,12.9,,,,,,,,,,,,,,,,,,,,,
161.0,Margarina 100% vegetal Manty (en pote y en pan),,3127.7,747.0,16,,83,,,,,,,,,,,,,Grasas.xls,14.1,41.5,27.4,,,,,,,,,,,,,,,,,,,,,
163.0,Margarina reducida en calorias Manty liviana,,2110.2,504.0,42,,56,,,,,,,,,,,,,Grasas.xls,13.5,33.0,9.5,,,,,,,,,,,,,,,,,,,,,
350.0,Huevo de codorniz. entero. crudo,,728.5,174.0,71.9,13.6,13.3,0.1,,,,,,,,,,,,Huevo.xls,4.16,5.45,1.44,,,430.0,,,,1.1,,,,,,,,,,,,,,
347.0,Huevo de gallina. clara. cocido,,226.1,54.0,86.8,12.8,0.3,...,,,,,,,,,,,,Huevo.xls,,,,,,,,,,0.1,,,,,,,,,,,,,,
345.0,Huevo de gallina. clara. cruda,,201.0,48.0,87.1,11.6,0.2,...,,186.0,142.0,10.0,28.0,0.86,,,,,,Huevo.xls,,,,,,,,,,1.1,,,,,,,,,,,,,,
344.0,Huevo de gallina. entero. crudo,,653.2,156.0,74.9,12.0,11.8,0.4,,135.0,138.0,56.0,213.0,2.53,,0.25,0.523,0.2,,Huevo.xls,3.18,4.53,2.89,,,449.0,,,,0.95,,,,,,,,,,,,,,
348.0,Huevo de gallina. frito,,820.7,196.0,68,16.3,14.5,...,,220.0,176.0,64.0,256.0,2.53,,,,,,Huevo.xls,,,,,,,,,,1.2,,,,,,,,,,,,,,
349.0,Huevo de gallina. poché,,636.4,152.0,74.6,13.4,10.9,...,,183.0,57.0,104.0,166.0,3.4,,,,,,Huevo.xls,,,,,,,,,,1.1,,,,,,,,,,,,,,
346.0,Huevo de gallina. yema. cruda,,1360.8,325.0,52.1,16.6,28.7,...,,65.0,114.0,109.0,510.0,5.87,,,,,,Huevo.xls,,,,,,1315.0,,,,2.6,,,,,,,,,,,,,,
306.0,Leche. condensada. Nestlé,,1373.3,328.0,23.6,8.0,8.1,,4.5,,,,,,,,,,,Leche.xls,,,,,,,,,,,55.8,,,,,,,,,,,,,
296.0,Leche de burra. entera. fluida,,188.4,45.0,90.5,1.9,1.4,,...,,,,,,,,,,,Leche.xls,,,,,,,,,,,6.2,,,,,,,,,,,,,
297.0,Leche de cabra. entera. fluida,,326.6,78.0,86.2,3.3,5.9,,1.6,27.0,171.0,153.0,139.0,0.26,,,,,,Leche.xls,,,,,,,,,,,3,,,,,,,,,,,,,
298.0,Leche de oveja. entera. fluida,,414.5,99.0,82.6,5.5,6.5,,0.9,30.0,187.0,207.0,123.0,,,,,,,Leche.xls,,,,,,,,,,,4.5,,,,,,,,,,,,,
302.0,Leche de vaca. entera. fluida. adicionada con vitamina A,,238.7,57.0,88.7,3.1,2.9,,0.7,,,,,,,,,,,Leche.xls,,,,,,,,,,,4.6,,,,,,,,,,,,,
301.0,Leche de vaca. entera. fluida. pasteurizada,,238.7,57.0,88.7,3.1,2.9,,0.66,57.0,137.0,123.0,95.0,0.07,0.3,,,,,Leche.xls,,,,,,,,,,,4.6,,,,,,,,,,,,,
303.0,Leche de vaca parcialm. descremada. adic. con vit A y D,,184.2,44.0,90.1,3.2,1.4,,0.68,55.0,138.0,120.0,109.0,0.08,0.3,,,,,Leche.xls,,,,,,,,,,,4.6,,,,,,,,,,,,,
305.0,Leche en polvo descremada,,1549.2,370.0,3.2,35.5,1,,8.2,563.0,1640.0,1303.0,1027.0,0.53,0.3,,,,,Leche.xls,,,,,,,,,,,52.2,,,,,,,,,,,,,
304.0,Leche en polvo entera,,2047.4,489.0,2.8,25.8,24.8,,5.7,404.0,1224.0,821.0,761.0,0.54,3.3,,,,,Leche.xls,,,,,,,,,,,40.9,,,,,,,,,,,,,
300.0,Leche humana. entera. en polvo,,2177.2,520.0,7,9.6,31.5,,2.4,114.0,383.0,229.0,110.0,0.48,,,,,,Leche.xls,,,,,,,,,,,49.5,,,,,,,,,,,,,
299.0,Leche humana. entera. fluida,,297.3,71.0,87,1.1,4.2,,0.6,11.0,44.0,32.0,14.0,0.04,,0.018,0.035,0.4,4.4,Leche.xls,,,,,,,,,,,7.1,,,,,,,,,,,,,
307.0,Manteca. fresca,,3173.7,758.0,15.3,0.5,84,,0.2,223.0,15.0,15.0,24.0,0.16,,,,,,Leche.xls,,,,,,,,,,,...,,,,,,,,,,,,,
308.0,Queso crema. entero. untable ,,1030.0,246.0,66.2,6.6,22.6,,0.64,74.0,148.0,56.0,97.0,,,,,,,Leche.xls,,,,,,,,,,,3.9,,,,,,,,,,,,,
310.0,Queso descremado. untable,,343.3,82.0,78.6,13.7,0.3,,1.29,106.0,260.0,116.0,198.0,,,,,,,Leche.xls,,,,,,,,,,,6.1,,,,,,,,,,,,,
311.0,Queso. Petit Suisse,,762.0,182.0,68.1,14.1,14,,3.8,30.0,81.0,75.0,161.0,,,,,,,Leche.xls,,,,,,,,,,,...,,,,,,,,,,,,,
309.0,Queso semidescremado. untable,,435.4,104.0,77.8,11.5,4,,1.14,90.0,202.0,102.0,175.0,,,,,,,Leche.xls,,,,,,,,,,,5.5,,,,,,,,,,,,,
552.0,Queso  Blanco Argentino Semimagro ,  ,435.4,104.0,77.8,11.5,4,,1.14,90.0,202.0,102.0,175.0,,,,,,,Leche.xls,,,,,,,,,,,5.6,,,,,,,,,,,,,
312.0,Queso Belpaese,,1293.8,309.0,47.7,20.3,25.3,,6.7,510.0,56.0,610.0,450.0,,,0.037,0.448,,,Leche.xls,,,,,,,,,,,...,,,,,,,,,,,,,
313.0,Queso Camembert,,1201.7,287.0,55.3,20.1,23,,1.6,1240.0,66.0,75.0,330.0,,,,,,,Leche.xls,,,,,,,,,,,...,,,,,,,,,,,,,
315.0,Queso cremoso,,1264.5,302.0,49.9,19.7,22.9,,3.3,,,,,,,,,,,Leche.xls,,,,,,,,,,,4.2,,,,,,,,,,,,,
316.0,Queso cuartirolo,,1218.4,291.0,50.2,20.8,21.4,,3.7,360.0,64.0,625.0,700.0,,,0.037,0.929,,,Leche.xls,,,,,,,,,,,3.9,,,,,,,,,,,,,
317.0,Queso doble crema,,1088.6,260.0,59.5,18.0,20.9,,1.6,500.0,69.0,460.0,321.0,,,,,,,Leche.xls,,,,,,,,,,,...,,,,,,,,,,,,,
318.0,Queso Limburgués,,1356.6,324.0,47.8,21.8,26.3,,4.1,800.0,59.0,225.0,250.0,,,0.03,0.648,,,Leche.xls,,,,,,,,,,,...,,,,,,,,,,,,,
314.0,Queso mozarella,,1180.7,282.0,50.7,23.6,19.3,,3.1,,,,,,,,,,,Leche.xls,,,,,,,,,,,3.3,,,,,,,,,,,,,
319.0,Queso Por Salut,,1260.3,301.0,49.8,20.4,22.7,,3.3,,,,,,,,,,,Leche.xls,,,,,,,,,,,3.7,,,,,,,,,,,,,
550.0,Queso azul,  ,1578.5,377.0,40.2,20.0,31.1,,4.41,,,,,,,,,,,Leche.xls,,,,,,,,,,,4.3,,,,,,,,,,,,,
320.0,Queso Cheddar,,1494.8,357.0,36,29.5,26.5,,8,390.0,41.0,800.0,750.0,,,0.049,1.229,,,Leche.xls,,,,,,,,,,,...,,,,,,,,,,,,,
321.0,Queso Chubut,,1373.3,328.0,42.1,25.9,24.9,,7.1,270.0,68.0,450.0,500.0,,,,,,,Leche.xls,,,,,,,,,,,...,,,,,,,,,,,,,
322.0,Queso Fontina,,1423.6,340.0,36.4,24.3,33.6,,5.7,690.0,72.0,765.0,450.0,,,0.069,0.312,,,Leche.xls,,,,,,,,,,,...,,,,,,,,,,,,,
323.0,Queso Gorgonzola,,2009.8,480.0,31.7,21.6,43.7,,3,930.0,123.0,340.0,215.0,,,0.045,0.39,,,Leche.xls,,,,,,,,,,,...,,,,,,,,,,,,,
324.0,Queso Gruyere,,1586.9,379.0,37.1,28.6,29.4,,4.9,542.0,128.0,1080.0,698.0,0.26,,0.04,0.612,,,Leche.xls,,,,,,,,,,,...,,,,,,,,,,,,,
325.0,Queso Holanda,,1444.5,345.0,37.6,25.1,27.2,,10.1,730.0,84.0,890.0,630.0,,,0.056,0.268,,,Leche.xls,,,,,,,,,,,...,,,,,,,,,,,,,
326.0,Queso Pategrás,,1716.7,410.0,33.7,24.8,34.5,,7,720.0,74.0,475.0,530.0,,,,,,,Leche.xls,,,,,,,,,,,...,,,,,,,,,,,,,
327.0,Queso Roquefort,,1783.7,426.0,37.6,19.2,38.8,,4.4,1210.0,74.0,200.0,250.0,,,0.239,0.404,,,Leche.xls,,,,,,,,,,,...,,,,,,,,,,,,,
328.0,Queso Suizo,,1691.5,404.0,34,28.6,31.3,,4.2,,,,,,,,,,,Leche.xls,,,,,,,,,,,1.9,,,,,,,,,,,,,
329.0,Queso Tafí,,1498.9,358.0,41,21.8,30.1,,7.1,750.0,69.0,340.0,272.0,,,,,,,Leche.xls,,,,,,,,,,,...,,,,,,,,,,,,,
330.0,Queso Tandil,,1444.5,345.0,41.9,25.5,27,,5.6,,,,,,,,,,,Leche.xls,,,,,,,,,,,...,,,,,,,,,,,,,
331.0,Queso tipo Mar del Plata  ,,1390.1,332.0,39,25.4,25.6,,9.7,,,,,,,,,,,Leche.xls,,,,,,,,,,,...,,,,,,,,,,,,,
332.0,Queso Goya,,1683.2,402.0,29.2,29.7,31.5,,9.6,1020.0,68.0,950.0,510.0,,,0.054,0.613,,,Leche.xls,,,,,,,,,,,...,,,,,,,,,,,,,
333.0,Queso Parmesano,,1465.4,350.0,34.3,32.7,24.4,,8.6,680.0,61.0,1170.0,775.0,,,,,,,Leche.xls,,,,,,,,,,,...,,,,,,,,,,,,,
334.0,Queso Provolone,,1637.1,391.0,31.9,32.1,29.2,,6.8,1190.0,72.0,925.0,765.0,,,0.068,0.28,,,Leche.xls,,,,,,,,,,,...,,,,,,,,,,,,,
335.0,Queso Reggianito,,1528.3,365.0,33.6,33.4,24.2,,5.46,1230.0,61.0,950.0,610.0,,,0.045,0.274,,,Leche.xls,,,,,,,,,,,3.4,,,,,,,,,,,,,
336.0,Queso Sardo,,1683.2,402.0,30.8,30.0,29.1,,5.14,,,,,,,,,,,Leche.xls,,,,,,,,,,,5,,,,,,,,,,,,,
337.0,Queso Sbrinz,,1494.8,357.0,35.1,29.4,26.6,,8.9,870.0,67.0,985.0,830.0,,,0.051,0.245,,,Leche.xls,,,,,,,,,,,...,,,,,,,,,,,,,
338.0,Ricota de leche entera,,703.4,168.0,70.9,11.6,11.8,,1.58,146.0,155.0,193.0,241.0,258.0,,,,,,Leche.xls,,,,,,,,,,,4,,,,,,,,,,,,,
551.0,Ricotta semidescremada,  ,703.4,168.0,70.9,11.6,11.7,,1.58,160.0,155.0,207.0,243.0,0.42,,,,,,Leche.xls,,,,,,,,,,,4,,,,,,,,,,,,,
341.0,Yogur descremado,,247.0,59.0,88.5,4.3,0.2,,1.1,75.0,177.0,110.0,125.0,93.0,372,,,,,Leche.xls,,,,,,,,,,,5.9,,,,,,,,,,,,,
343.0,Yogur descremado bebible,,125.6,30.0,91.8,3.3,0.1,,0.79,,,,,,,,,,,Leche.xls,,,,,,,,,,,4.1,,,,,,,,,,,,,
432.0,Yogur descremado fortificado con Ca,,201.0,48.0,86.8,4.6,0.1,,1.4,121.0,200.0,247.0,188.0,0.1,0.5,,,,,Leche.xls,,,,,,,,,,,7.1,,,,,,,,,,,,,
342.0,Yogur entero bebible,,343.3,82.0,81.7,2.8,2.2,,0.6,,,,,,,,,,,Leche.xls,,,,,,,,,,,12.7,,,,,,,,,,,,,
339.0,Yogur entero natural,,276.3,66.0,86.1,4.6,3,,1,,,,,,,,,,,Leche.xls,,,,,,,,,,,5.3,,,,,,,,,,,,,
340.0,Yogur entero saborizado,,368.5,88.0,79.8,4.4,2.4,,1,59.0,172.0,125.0,114.0,0.1,0.4,,,,,Leche.xls,,,,,,,,,,,12.4,,,,,,,,,,,,,
357.0,Mayonesa reducida en calorías,,1339.8,320.0,50,,32,,,,,,,,,,,,,Misc.xls,3.5,8.7,19.8,,,,,,,,,,,,,,,,,,,,,
358.0,Mayonesa Ri-k,,3027.2,723.0,10,,79,,,,,,,,,,,,,Misc.xls,9.0,21.5,48.5,,,,,,,,,,,,,,,,,,,,,
359.0,Mortadela,,1025.8,245.0,62.5,17.5,19,1,,,,,,,,,,,,Misc.xls,,,,,,,,,,,,,,,,,,,,,,,,
527.0,Polen de Totora,Typha domingensis,1205.9,288.0,18.5,14.2,3.2,60.8,,,,,,,,,,,,Misc.xls,,,,,,,,,,,,,,,,,,,,,,,,
164.0,Abadejo. fresco. crudo. carne,Genypterus blacodes,301.5,72.0,81.9,15.8,0.9,0.2,1.21,,,,,,,,,,,Pescados.xls,,,,,,,,,,,,,,,,,,,,,,,,
398.0,Amarillo. fresco. a la parrilla. músculo dorsal,Pimedolus clarias maculatus,766.3,183.0,65.9,21.3,10.9,,2.22,,,,,,,,,,,Pescados.xls,3.36,5.66,1.48,,,,,,,,,,,,,,,,,,,,,
397.0,Amarillo. fresco. al horno. músculo dorsal,Pimedolus clarias maculatus,974.4,233.0,61.3,19.9,17,,2.01,,,,,,,,,,,Pescados.xls,5.07,8.53,2.22,,,,,,,,,,,,,,,,,,,,,
395.0,Amarillo. fresco. crudo. músculo dorsal,Pimedolus clarias maculatus,591.8,141.0,73.7,17.3,8,,1.07,,,13.0,,0.6,,,,,,Pescados.xls,5.44,8.75,1.93,,,,,,,,,,,,,,,,,,,,,
399.0,Amarillo. fresco. frito. músculo dorsal,Pimedolus clarias maculatus,970.3,232.0,59.4,22.8,15.6,,1.9,,,,,,,,,,,Pescados.xls,5.11,8.58,2.23,,,,,,,,,,,,,,,,,,,,,
396.0,Amarillo. fresco. hervido. músculo dorsal,Pimedolus clarias maculatus,754.0,180.0,68.5,18.7,11.7,,1.09,,,,,,,,,,,Pescados.xls,3.13,5.27,1.38,,,,,,,,,,,,,,,,,,,,,
165.0,Anchoa. fresca. cruda. carne,Pomatomus saltatrix,385.2,92.0,76.4,21.5,0.4,0.5,1.2,80.0,266.0,20.0,220.0,1.4,,0.202,0.514,15.8,,Pescados.xls,,,,,,,,,,,,,,,,,,,,,,,,
166.0,Anchoita. fresca. cruda. carne,Engraulis anchoita hubbs larini,540.1,129.0,73,19.2,5.4,0.8,1.59,,,,,,,,,,,Pescados.xls,,,,,,,,,,,,,,,,,,,,,,,,
403.0,Armado. fresco. al horno. músculo dorsal,Pterodotas granulosus,537.0,128.0,69.5,23.7,3.7,,1.93,,,,,,,,,,,Pescados.xls,0.92,1.12,0.54,,,,,,,,,,,,,,,,,,,,,
400.0,Armado. fresco. crudo. músculo dorsal,Pterodotas granulosus,314.1,75.0,81.6,15.4,1.5,,1.24,,,7.0,,1.36,,,,,,Pescados.xls,0.37,0.34,0.19,,,,,,,,,,,,,,,,,,,,,
401.0,Armado. fresco. crudo. músculo ventral,Pterodotas granulosus,430.0,103.0,79.9,14.6,4.9,,1.04,,,,,,,,,,,Pescados.xls,1.08,1.6,0.54,,,,,,,,,,,,,,,,,,,,,
404.0,Armado. fresco. frito. músculo dorsal,Pterodotas granulosus,542.9,130.0,70.6,21.4,4.9,,2.15,,,,,,,,,,,Pescados.xls,1.22,1.51,0.7,,,,,,,,,,,,,,,,,,,,,
402.0,Armado. fresco. hervido. músculo dorsal,Pterodotas granulosus,426.0,102.0,74.6,20.8,2.1,,1.21,,,,,,,,,,,Pescados.xls,0.51,0.63,0.29,,,,,,,,,,,,,,,,,,,,,
167.0,Besugo. fresco. crudo. carne,Pagrus pagrus,418.7,100.0,76,20.4,2,0,1.68,84.0,264.0,17.0,228.0,1.8,3.3,0.052,0.419,8,,Pescados.xls,,,,,,,,,,,,,,,,,,,,,,,,
408.0,Boga. fresca. a la parrilla. músculo dorsal,Leporinus obtusidens,627.6,150.0,68.6,23.7,6.1,,2.04,,,,,,,,,,,Pescados.xls,1.78,8.58,0.49,,,,,,,,,,,,,,,,,,,,,
407.0,Boga. fresca. al horno. músculo dorsal,Leporinus obtusidens,626.5,150.0,67.4,25.1,5.5,,2.35,,,,,,,,,,,Pescados.xls,2.04,3.45,0.56,,,,,,,,,,,,,,,,,,,,,
168.0,Boga. fresca. cruda (carne entre aleta dorsal y ventral),Leporinus affinis,,,,,3.9,,,,,,,,,,,,,Pescados.xls,1.02,1.39,0.29,,,,,,,,,,,,,,,,,,,,,
405.0,Boga. fresca. cruda. músculo ventral,Leporinus obtusidens,754.7,180.0,68.5,18.5,11.8,,1.19,,,,,,,,,,,Pescados.xls,,,,,,,,,,,,,,,,,,,,,,,,
409.0,Boga. fresca. frita. músculo dorsal,Leporinus obtusidens,702.5,168.0,65.8,24.3,7.9,,2.35,,,,,,,,,,,Pescados.xls,2.34,3.97,0.64,,,,,,,,,,,,,,,,,,,,,
406.0,Boga. fresca. hervida. músculo dorsal,Leporinus obtusidens,663.2,158.0,69.4,22.7,7.5,,1.13,,,,,,,,,,,Pescados.xls,2.27,3.85,0.63,,,,,,,,,,,,,,,,,,,,,
169.0,Bonito. fresco. crudo. carne,Sarda sarda,917.0,219.0,62.2,22.0,14.5,...,1.25,,,,,,,,,,,Pescados.xls,,,,,,,,,,,,,,,,,,,,,,,,
170.0,Brótola. fresca. cruda. carne,Urophycis brasilensis,347.5,83.0,79.5,17.6,1.2,0.4,1.38,82.0,282.0,18.0,207.0,2.1,,0.076,0.155,27.2,2.7,Pescados.xls,,,,,,,,,,,,,,,,,,,,,,,,
171.0,Caballa. fresca. cruda. carne,Pneumatophorus japonicus marplatensis,971.4,232.0,60.4,22.0,15.8,0.4,1.41,,,,,,,,,,,Pescados.xls,,,,,,,,,,,,,,,,,,,,,,,,
173.0,Castañeta. fresca. cruda. carne,Cheilodactylus bergi,397.8,95.0,77.6,18.4,2.3,0.3,1.42,,,,,,,,,,,Pescados.xls,,,,,,,,,,,,,,,,,,,,,,,,
172.0,Castañeta. fresca. cruda. entera,Cheilodactylus bergi,711.8,170.0,67.4,17.0,11.1,0.5,3.97,,,,,,,,,,,Pescados.xls,,,,,,,,,,,,,,,,,,,,,,,,
174.0,Congrio. fresco. crudo. carne,Leptocephalus orbignyanus,448.0,107.0,77,17.2,4,0.7,1.2,,,,,,,,,,,Pescados.xls,,,,,,,,,,,,,,,,,,,,,,,,
175.0,Cornalito. fresco. crudo. entero,Sorgentinia incisa,360.1,86.0,79.2,16.0,2.2,0.6,2.15,90.0,296.0,680.0,590.0,2.0,,,,,,Pescados.xls,,,,,,,,,,,,,,,,,,,,,,,,
176.0,Corvina blanca. fresca. cruda. carne,Micropogonias undulatus,406.1,97.0,77,19.5,1.9,0.4,1.28,,,,,,,0.095,0.214,3.1,2.9,Pescados.xls,,,,,,,,,,,,,,,,,,,,,,,,
177.0,Corvina negra. fresca. cruda. carne,Pagonias cromis,351.7,84.0,78.8,18.8,0.8,0.4,1.15,,,,,,,,,,,Pescados.xls,,,,,,,,,,,,,,,,,,,,,,,,
179.0,Dorado. fresco. crudo. carne,Salminus maxilosus,335.0,80.0,79.5,18.8,0.5,0.1,1.13,,,,,,,,,,,Pescados.xls,,,,,,,,,,,,,,,,,,,,,,,,
178.0,Dorado. fresco. crudo (carne entre aleta ventral y dorsal),Salminus maxilosus,,,,,2.6,,,,,,,,,,,,,Pescados.xls,0.63,0.85,0.29,,,,,,,,,,,,,,,,,,,,,
180.0,Gatuso. fresco. crudo. carne,,301.5,72.0,81.7,17.4,0.2,0.1,0.57,,,,,,,,,,,Pescados.xls,,,,,,,,,,,,,,,,,,,,,,,,
181.0,Jurel. fresco. crudo. carne,Trachurus pictatus,623.9,149.0,71.5,19.0,8,0.2,1.26,,,,,,,,,,,Pescados.xls,,,,,,,,,,,,,,,,,,,,,,,,
182.0,Lenguado. fresco. crudo. carne,Paralichthys spp,326.6,78.0,80.2,17.5,0.8,0.2,1.35,,,,,,,0.081,0.34,3.5,1.8,Pescados.xls,,,,,,,,,,,,,,,,,,,,,,,,
183.0,Lisa. fresca. cruda. carne,,611.3,146.0,72.3,17.9,7.8,1.1,0.96,,,,,,,,,,,Pescados.xls,,,,,,,,,,,,,,,,,,,,,,,,
184.0,Merluza. fresca. cruda. carne,Merluccis merluccis,339.1,81.0,80.2,17.1,1.3,0.1,1.24,91.0,262.0,21.0,216.0,1.9,,0.061,0.325,1.2,1.1,Pescados.xls,,,,,,,,,,,,,,,,,,,,,,,,
185.0,Mero. fresco. crudo. carne,Acanthistis brasilianus,347.5,83.0,79.4,17.9,1,0.5,1.2,,,,,,,,,,,Pescados.xls,,,,,,,,,,,,,,,,,,,,,,,,
413.0,Moncholo. fresco. al horno. músculo dorsal,Pimelodus albicans,792.4,189.0,65,22.0,11.3,,1.87,,,,,,,,,,,Pescados.xls,3.03,4.87,1.57,,,,,,,,,,,,,,,,,,,,,
410.0,Moncholo. fresco. crudo. músculo dorsal,Pimelodus albicans,468.4,112.0,76.6,17.5,4.7,,1.11,,,7.0,,0.8,,,,,,Pescados.xls,3.67,6.26,1.64,,,,,,,,,,,,,,,,,,,,,
411.0,Moncholo. fresco. crudo. músculo ventral,Pimelodus albicans,621.5,148.0,73.1,16.7,9.1,,1.11,,,,,,,,,,,Pescados.xls,3.89,7.47,1.74,,,,,,,,,,,,,,,,,,,,,
412.0,Moncholo. fresco. hervido. músculo dorsal,Pimelodus albicans,781.2,187.0,69.5,16.7,13.3,,0.94,,,,,,,,,,,Pescados.xls,2.0,3.33,0.96,,,,,,,,,,,,,,,,,,,,,
186.0,Palometa. fresca. cruda. carne,Parona signata,900.2,215.0,63.4,20.1,14.8,0.4,1.24,,,,,,,,,,,Pescados.xls,,,,,,,,,,,,,,,,,,,,,,,,
187.0,Pargo. fresco. crudo. carne,Umbrina canosal,473.1,113.0,75.4,19.1,3.9,0.3,1.28,,,,,,,,,,,Pescados.xls,,,,,,,,,,,,,,,,,,,,,,,,
416.0,Patí. fresco. a la parrilla. músculo dorsal,Luciopimelodus pati,707.6,169.0,66.5,22.6,8.8,,2.52,,,,,,,,,,,Pescados.xls,2.77,3.92,1.17,,,,,,,,,,,,,,,,,,,,,
415.0,Patí. fresco. al horno. músculo dorsal,Luciopimelodus pati,767.6,183.0,67.2,20.6,11.2,,2.17,,,,,,,,,,,Pescados.xls,3.49,4.85,1.47,,,,,,,,,,,,,,,,,,,,,
189.0,Patí. fresco. crudo. carne,Luciopimelodus pati,376.8,90.0,78.7,18.2,1.8,0.3,0.99,68.0,256.0,18.0,201.0,1.9,,,,,,Pescados.xls,,,,,,,,,,,,,,,,,,,,,,,,
188.0,Patí. fresco. crudo (carne entre dorsal y ventral),Luciopimelodus pati,,,,,3.4,,,,,,,,,,,,,Pescados.xls,0.25,1.15,0.37,,,,,,,,,,,,,,,,,,,,,
428.0,Patí. fresco. crudo. músculo dorsal,Luciopimelodus pati,673.2,161.0,72.5,15.9,10.8,,1,,,9.0,,0.88,,,,,,Pescados.xls,3.28,4.7,1.39,,,,,,,,,,,,,,,,,,,,,
429.0,Patí. fresco. crudo. músculo ventral,Luciopimelodus pati,665.6,159.0,72.9,15.2,10.9,,0.97,,,,,,,,,,,Pescados.xls,3.65,3.18,1.64,,,,,,,,,,,,,,,,,,,,,
417.0,Patí. fresco. frito. músculo dorsal,Luciopimelodus pati,898.5,215.0,60.5,23.0,13.6,,2.16,,,,,,,,,,,Pescados.xls,4.33,6.11,1.81,,,,,,,,,,,,,,,,,,,,,
414.0,Patí. fresco. hervido. músculo dorsal,Luciopimelodus pati,556.8,133.0,73.8,19.6,6.1,,1.03,,,,,,,,,,,Pescados.xls,1.91,2.71,0.8,,,,,,,,,,,,,,,,,,,,,
190.0,Pejerrey agua dulce. fresco. crudo. carne,,322.4,77.0,80,18.3,0.4,,1.3,68.0,256.0,20.0,210.0,1.9,,,,,,Pescados.xls,,,,,,,,,,,,,,,,,,,,,,,,
191.0,Pejerrey mar. fresco. crudo. carne,Atherinidas,360.1,86.0,78.2,18.6,1.2,0.2,1.73,,,,,,,,,,9.0,Pescados.xls,,,,,,,,,,,,,,,,,,,,,,,,
192.0,Pescadilla. fresca. crudo. carne,Cynosción striatus,406.1,97.0,77.7,17.8,2.8,0.2,1.5,90.0,279.0,18.0,205.0,2.2,,0.06,0.316,4,1.2,Pescados.xls,,,,,,,,,,,,,,,,,,,,,,,,
193.0,Pez Gallo. fresco. crudo. carne,Callorhynchus,351.7,84.0,77.4,20.2,0.4,,2.4,,,,,,,,,,,Pescados.xls,,,,,,,,,,,,,,,,,,,,,,,,
194.0,Pez palo. fresco. crudo. carne,Perophis brasilensis,402.0,96.0,77.4,20.1,1.7,0,1.26,,,,,,,,,,,Pescados.xls,,,,,,,,,,,,,,,,,,,,,,,,
195.0,Rubio. fresco. crudo. carne,Helicolenus dactylopterus labillei,456.4,109.0,76.9,17.1,4.5,,1.95,,,,,,,,,,,Pescados.xls,,,,,,,,,,,,,,,,,,,,,,,,
422.0,Sábalo. fresco. a la parrilla. músculo dorsal,Prochilodus lineatus,543.8,130.0,69.5,23.4,4,,2.61,,,,,,,,,,,Pescados.xls,1.8,1.87,0.52,,,,,,,,,,,,,,,,,,,,,
421.0,Sábalo. fresco. al horno. músculo dorsal,Prochilodus lineatus,638.8,153.0,65.2,25.1,5.8,,3.15,,,,,,,,,,,Pescados.xls,1.71,1.77,0.52,,,,,,,,,,,,,,,,,,,,,
418.0,Sábalo. fresco. crudo. músculo dorsal,Prochilodus lineatus,605.7,145.0,73.2,18.0,8.1,,1.15,,,10.0,,0.62,,,,,,Pescados.xls,2.14,2.35,0.58,,,,,,,,,,,,,,,,,,,,,
419.0,Sábalo. fresco. crudo. músculo ventral,Prochilodus lineatus,632.0,151.0,72.4,17.5,9,,1.16,,,,,,,,,,,Pescados.xls,,,,,,,,,,,,,,,,,,,,,,,,
423.0,Sábalo. fresco. frito. músculo dorsal,Prochilodus lineatus,694.0,166.0,65.5,24.9,7.4,,2.59,,,,,,,,,,,Pescados.xls,0.81,1.88,0.54,,,,,,,,,,,,,,,,,,,,,
420.0,Sábalo. fresco. hervido. músculo dorsal,Prochilodus lineatus,544.4,130.0,73,20.5,5.3,,1.2,,,,,,,,,,,Pescados.xls,1.48,1.53,0.8,,,,,,,,,,,,,,,,,,,,,
196.0,Sardina fueguina. fresca. cruda. carne,Fueguine sardine,569.4,136.0,70.2,14.0,8.9,...,6.86,,,,,,,,,,,Pescados.xls,,,,,,,,,,,,,,,,,,,,,,,,
426.0,Surubí. fresco. al horno. músculo dorsal,Pseudoplastistoma coruscans,1067.5,255.0,55.3,23.5,17.9,,3.18,,,,,,,,,,,Pescados.xls,5.52,7.79,2.48,,,,,,,,,,,,,,,,,,,,,
199.0,Surubí. fresco. crudo. carne,,460.6,110.0,76.5,18.2,4,0.2,1.07,72.0,276.0,20.0,203.0,1.9,,,,,,Pescados.xls,,,,,,,,,,,,,,,,,,,,,,,,
198.0,Surubí. fresco. crudo. carne zona dorsal,Pseudoplastistoma coruscans,,,,,0.9,,,,,,,,,,,,,Pescados.xls,1.21,1.22,1.17,,,,,,,,,,,,,,,,,,,,,
197.0,Surubí. fresco. crudo. carne zona ventral,Pseudoplastistoma coruscans,,,,,1.7,,,,,,,,,,,,,Pescados.xls,0.23,0.66,0.35,,,,,,,,,,,,,,,,,,,,,
424.0,Surubí. fresco. crudo. músculo dorsal,Pseudoplastistoma coruscans,784.7,187.0,68.3,17.6,13,,1.11,,,1.0,,0.32,,,,,,Pescados.xls,2.68,3.25,1.33,,,,,,,,,,,,,,,,,,,,,
427.0,Surubí. fresco. frito. músculo dorsal,Pseudoplastistoma coruscans,1124.7,269.0,51.5,26.7,18,,3.68,,,,,,,,,,,Pescados.xls,5.3,7.48,2.39,,,,,,,,,,,,,,,,,,,,,
425.0,Surubí. fresco. hervido. músculo dorsal,Pseudoplastistoma coruscans,780.5,186.0,65.1,23.4,10.3,,1.17,,,,,,,,,,,Pescados.xls,3.17,4.48,1.44,,,,,,,,,,,,,,,,,,,,,
200.0,Tararira. fresca. cruda. carne,,330.8,79.0,79.9,18.1,0.6,0.4,1.04,,,,,,,,,,,Pescados.xls,,,,,,,,,,,,,,,,,,,,,,,,
201.0,Testolin. fresco. crudo. carne,Prionotus punctatus,410.3,98.0,77,18.9,2.4,0.2,1.45,,,,,,,,,,,Pescados.xls,,,,,,,,,,,,,,,,,,,,,,,,
203.0,Calamar. fresco. crudo (tubo aletas y tentáculos),Illex ilexebrosus,330.8,79.0,79.3,18.4,0.6,...,1.73,,,,,,,,,,,Pescados.xls,,,,,,,,,,,,,,,,,,,,,,,,
202.0,Calamar. fresco. entero. crudo,Illex ilexebrosus,335.0,80.0,79.1,18.5,0.7,...,1.73,,,,,,,,,,,Pescados.xls,,,,,,,,,,,,,,,,,,,,,,,,
204.0,Camarón. fresco. crudo. carne de cola,Artemesia longinaris,381.0,91.0,76.6,21.0,0.8,0,1.55,,,,,,,,,,,Pescados.xls,,,,,,,,,,,,,,,,,,,,,,,,
205.0,Centolla. fresca. carne. cruda,Lithodes antarcticus,276.3,66.0,83.9,13.9,1.1,0,1.55,,,,,,,,,,,Pescados.xls,,,,,,,,,,,,,,,,,,,,,,,,
206.0,Centolla. fresca (carne de pata solamente),Lithodes antarcticus,347.5,83.0,78.4,18.8,0.8,0,1.85,,,,,,,,,,,Pescados.xls,,,,,,,,,,,,,,,,,,,,,,,,
207.0,Langostino. fresco. crudo. carne de cola,Hymenopenaeus multeri,406.1,97.0,75.3,22.0,0.9,0.2,1.65,,,,,,,,,,,Pescados.xls,,,,,,,,,,,,,,,,,,,,,,,,
209.0,Mejillón. fresco. crudo (capturado en primavera),Mytilus platensis spp,397.8,95.0,77.9,17.6,1.6,2.5,2.98,,,,,,,,,,,Pescados.xls,,,,,,,,,,,,,,,,,,,,,,,,
208.0,Mejillón. fresco. crudo. carne,Mytilus platensis spp,268.0,64.0,83,11.9,1.1,1.7,2.27,289.0,315.0,88.0,236.0,5.8,,0.049,0.305,2.9,,Pescados.xls,,,,,,,,,,,,,,,,,,,,,,,,
210.0,Mejillón. fresco. pre-cocido. carne,,351.7,84.0,72.8,21.1,,,,,,,,,,,,,,Pescados.xls,,,,,,,,,,,,,,,,,,,,,,,,
211.0,Ancho. pasta,,845.8,202.0,56.5,20.2,11.6,4.3,1.15,,,,,,,,,,,Pescados.xls,,,,,,,,,,,,,,,,,,,,,,,,
212.0,Caballa. tronco,Scomber japonicus marplatensis,887.6,212.0,62.5,26.5,11.8,...,2.26,,,,,,,,,,,Pescados.xls,,,,,,,,,,,,,,,,,,,,,,,,
351.0,Batata. dulce,,1101.2,263.0,31.7,0.9,0.1,65,2.3,19.0,231.0,24.0,35.0,0.65,,,,,,ProdAz.xls,,,,,,,,,,,,,,,,,,,,,,,,
353.0,Chocolatín,,2298.7,549.0,0.5,5.4,31.5,62.4,0.2,93.0,487.0,175.0,215.0,1.67,,0.902,1.163,5.4,,ProdAz.xls,,,,,,,,,,,,,,,,,,,,,,,,
352.0,Ciruela. mermelada,,1281.2,306.0,22,3.7,0.2,73.1,1,,,,,,,0.041,0.058,0.1,1.8,ProdAz.xls,,,,,,,,,,,,,,,,,,,,,,,,
549.0,Dulce de leche,,1314.7,314.0,28,6.5,6.6,57.4,1.49,138.0,265.0,253.0,176.0,0.37,0.7,,,,,ProdAz.xls,,,,,,,,,,,,,,,,,,,,,,,,
546.0,Dulce de Leche Light,,1088.5,260.0,28.5,6.2,1.6,52.9,1.48,142.0,240.0,228.0,182.0,0.29,0.7,,,,,ProdAz.xls,,,,,,,,,,,,,,,,,,,,,,,,
548.0,Dulce de leche para reposteria,,1327.3,317.0,28.5,7.3,7.5,55,1.7,141.0,371.0,279.0,219.0,0.55,87,,,,,ProdAz.xls,,,,,,,,,,,,,,,,,,,,,,,,
547.0,Dulce de leche repostero suelto,,1411.0,337.0,24.4,5.3,7.9,7.9,1.28,138.0,272.0,209.0,146.0,1.61,0.8,,,,,ProdAz.xls,,,,,,,,,,,,,,,,,,,,,,,,
354.0,Durazno. mermelada,,1272.8,304.0,20,3.5,0.1,76.4,0,,,,,,,0.006,0.01,0.2,,ProdAz.xls,,,,,,,,,,,,,,,,,,,,,,,,
355.0,Frutilla. mermelada,,1293.8,309.0,22,3.8,0.6,73.2,0.4,,,,,,,,,,,ProdAz.xls,,,,,,,,,,,,,,,,,,,,,,,,
356.0,Leche. dulce de leche,,1427.8,341.0,24.3,8.1,9,56.8,1.8,122.0,393.0,322.0,257.0,0.27,,0.022,0.973,,,ProdAz.xls,,,,,,,,,,,,,,,,,,,,,,,,
494.0,Acelga. hoja,Beta vulgaris cycla,61.5,15.0,90.6,2.9,0.2,,2,235.0,493.0,101.0,41.0,1.8,0.4,0.089,0.14,0.5,21.1,Vegetales.xls,,,,,,,,0.4,3.9,,,,,,,,,,,,,,,
495.0,Acelga. tallo,Beta vulgaris cycla,33.1,8.0,94,1.2,0.1,,2,150.0,470.0,53.0,23.0,0.34,0.2,,,,,Vegetales.xls,,,,,,,,0.6,2.9,,,,,,,,,,,,,,,
499.0,Achicoria de Monte,Hipochaeris sp.,192.6,46.0,86.5,2.8,1.2,7.7,1.8,,260.0,69.0,29.0,2.57,,,,,9.9,Vegetales.xls,,,,,,,,,,,,,,,,,,,,,,,,
50.0,Achicoria. hoja. fresca. cruda,Cichorium intybus,87.9,21.0,94.2,1.6,0.3,2.9,1,7.0,182.0,18.0,21.0,0.69,,,,,49.3,Vegetales.xls,,,,,,,,,,,,,,,,,,,,,,,,
498.0,Achira (raíces),Canna coccinea,142.4,34.0,88.8,1.7,0.2,7.9,1.33,,677.0,36.0,53.0,0.77,,,,,5.6,Vegetales.xls,,,,,,,,,,,,,,,,,,,,,,,,
51.0,Ajo. bulbo. fresco. crudo,Alium satyvum,414.5,99.0,74.2,4.4,0.2,20,1.2,,,,,,,0.296,0.061,0.7,8.8,Vegetales.xls,,,,,,,,,,,,,,,,,,,,,,,,
52.0,Alcaucil. inflorescencia. fresco. crudo,Cynara scolymus,263.8,63.0,83.7,2.9,0.4,11.9,1.1,,,40.0,94.0,1.89,,0.05,,0.8,21.7,Vegetales.xls,,,,,,,,,,,,,,,,,,,,,,,,
53.0,Alfalfa. hoja. fresca. cruda,Medicago sativa,238.7,57.0,80.6,6.6,0.4,6.8,5.6,12.0,976.0,525.0,155.0,3.89,,0.256,0.347,1.7,183.6,Vegetales.xls,,,,,,,,,,,,,,,,,,,,,,,,
54.0,Arveja. semilla. fresca. cruda,Pisum sativum L.,427.1,102.0,71.2,8.9,...,16.6,3.3,38.0,395.0,21.0,129.0,1.63,,0.21,0.158,1.2,24.2,Vegetales.xls,,,,,,,,,,,,,,,,,,,,,,,,
56.0,Arveja. semilla. fresca. enlatada,,439.6,105.0,70.4,6.0,0.8,,1.1,88.0,155.0,54.0,67.0,1.5,1.5,0.086,0.087,2.9,2.2,Vegetales.xls,,,,,,,,18.3,3.4,,,,,,,,,,,,,,,
55.0,Arveja. semilla. fresca. hervida,,322.4,77.0,79.4,5.8,...,13.4,1.4,20.0,159.0,17.0,69.0,1.13,,,,,6.7,Vegetales.xls,,,,,,,,,,,,,,,,,,,,,,,,
57.0,Arveja. semilla. seca. entera. cruda ,Pisum sativum L.,1272.8,304.0,11.6,22.5,2.9,,2.56,14.0,1096.0,52.0,340.0,4.3,4.2,,,,,Vegetales.xls,,,,,,,,46.9,13.5,,,,,,,,,,,,,,,
58.0,Arveja. semilla. seca. partida. cruda,,1302.2,311.0,11.1,22.0,2.9,,2.65,16.0,988.0,51.0,349.0,4.5,3.7,,,,,Vegetales.xls,,,,,,,,49.1,12.2,,,,,,,,,,,,,,,
59.0,Arveja. semilla. seca. partida. hervida,,540.1,129.0,68,8.2,0.7,22.5,0.6,7.0,215.0,17.0,91.0,2.5,,,,,,Vegetales.xls,,,,,,,,,,,,,,,,,,,,,,,,
60.0,Avellana. pepita. seca,Corylus. avellana,2796.9,668.0,6,12.7,60.9,17.7,2.7,19.0,618.0,287.0,354.0,4.1,,0.52,0.428,5,,Vegetales.xls,,,,,,,,,,,,,,,,,,,,,,,,
63.0,Batata. frita,Ipomaea batatas Lam,887.6,212.0,54,1.7,7.2,35,2.1,19.0,819.0,50.0,90.0,0.9,,,,,,Vegetales.xls,,,,,,,,,,,,,,,,,,,,,,,,
62.0,Batata. hervida,Ipomaea batatas Lam,385.2,92.0,76.1,1.2,...,21.7,1,6.0,516.0,32.0,66.0,0.42,,,,,10.0,Vegetales.xls,,,,,,,,,,,,,,,,,,,,,,,,
61.0,Batata. raiz. fresca. cruda,Ipomaea batatas Lam,351.7,84.0,78,1.1,...,19.8,1.1,6.0,417.0,34.0,64.0,0.25,,0.103,0.14,1.1,20.1,Vegetales.xls,,,,,,,,,,,,,,,,,,,,,,,,
64.0,Berenjena. pulpa. fresca. cruda,Solaun melongena,117.2,28.0,92.7,1.1,0.2,5.5,0.5,3.0,238.0,10.0,12.0,0.39,,0.118,0.479,1.8,2.2,Vegetales.xls,,,,,,,,,,,,,,,,,,,,,,,,
65.0,Berro (hojas y tallo). fresco. crudo,Nasturtium officinale R. Br.,96.3,23.0,93.6,1.7,0.3,3.3,1.1,60.0,314.0,222.0,52.0,1.62,,0.118,0.207,0.6,111.3,Vegetales.xls,,,,,,,,,,,,,,,,,,,,,,,,
66.0,Brócoli. tallo de hoja. fresco. crudo,Brassica oleracea itálica Plank,154.9,37.0,89.9,3.3,0.2,5.5,1.1,,,,,,,0.076,0.165,0.7,93.3,Vegetales.xls,,,,,,,,,,,,,,,,,,,,,,,,
67.0,Cardo (penca y hojas). fresco. crudo,Cynara Cardundulus,104.7,25.0,91.8,1.4,0.2,4.4,2.2,86.0,318.0,150.0,40.0,3.09,,0.018,0.055,0.1,1.8,Vegetales.xls,,,,,,,,,,,,,,,,,,,,,,,,
68.0,Castaña de Pará. pepita. cruda,Bertholletia exceisa,3060.7,731.0,3,18.1,72.1,2.4,4.4,100.0,1344.0,161.0,573.0,1.51,,,,,,Vegetales.xls,,,,,,,,,,,,,,,,,,,,,,,,
69.0,Cebolla blanca. bulbo. cruda,Allium cepa,71.2,17.0,94.7,0.8,...,3.5,1,26.0,100.0,26.0,20.0,0.58,,0.06,0.07,0.3,9.1,Vegetales.xls,,,,,,,,,,,,,,,,,,,,,,,,
70.0,Cebolla blanca. bulbo. hervida,Alllium cepa,41.9,10.0,97.4,0.6,...,1.8,0.2,26.0,87.0,12.0,14.0,,,,,,,Vegetales.xls,,,,,,,,,,,,,,,,,,,,,,,,
72.0,Chaucha. vaina y semilla. cruda,Phaseolus vulgaris,92.1,22.0,91.6,2.4,...,3.2,2.8,23.0,247.0,32.0,100.0,2.8,,0.048,0.28,0.7,19.6,Vegetales.xls,,,,,,,,,,,,,,,,,,,,,,,,
71.0,Coliflor. pimpollo. fresco. crudo,Brassica oleracea Acephala DC,129.8,31.0,91.7,2.4,0.2,4.9,0.8,41.0,313.0,25.0,65.0,0.9,,0.137,0.08,0.5,59.3,Vegetales.xls,,,,,,,,,,,,,,,,,,,,,,,,
539.0,Diente de león. hoja,Taraxacum  officinale,136.7,33.0,88.8,2.6,0.4,6.6,1.63,,350.0,72.0,63.0,1.9,,,,,4.5,Vegetales.xls,,,,,,,,,,,,,,,,,,,,,,,,
73.0,Escarola crespa. hoja. cruda,Cichorioum endivia,100.5,24.0,93.3,1.6,0.2,4,0.9,10.0,381.0,44.0,67.0,2.77,,0.026,0.035,0.4,11.1,Vegetales.xls,,,,,,,,,,,,,,,,,,,,,,,,
74.0,Esparrago. tallo tierno. fresco. crudo,Asparagus officinalis,108.9,26.0,93,2.2,0.2,3.9,0.7,7.0,196.0,25.0,39.0,1.0,,0.186,0.162,0.4,16.5,Vegetales.xls,,,,,,,,,,,,,,,,,,,,,,,,
75.0,Espinaca. hoja. fresca. cruda,Spinacia oleracea,100.5,24.0,92.3,3.9,...,2,1.8,36.0,918.0,95.0,92.0,3.08,,0.098,0.21,,57.0,Vegetales.xls,,,,,,,,,,,,,,,,,,,,,,,,
76.0,Espinaca. hoja. fresca. hervida,,54.4,13.0,96,2.5,...,0.7,0.8,18.0,274.0,32.0,47.0,1.05,,,,,23.7,Vegetales.xls,,,,,,,,,,,,,,,,,,,,,,,,
77.0,Garbanzo. grano entero. seco. hervido,Cicer arietinum,523.4,125.0,70,6.1,2.2,20.2,1.5,8.0,333.0,35.0,158.0,2.5,,,,,,Vegetales.xls,,,,,,,,,,,,,,,,,,,,,,,,
78.0,Habas. semilla inmadura. fresca. cruda,Vicia faba,414.5,99.0,73.4,6.7,0.8,16.3,2.8,12.0,502.0,36.0,157.0,1.39,,0.2,0.152,0.8,38.3,Vegetales.xls,,,,,,,,,,,,,,,,,,,,,,,,
79.0,Hinojo. tallo. fresco. crudo,Foeniculum vulgare Gaerth,100.5,24.0,92.8,1.9,0.2,3.6,1.5,,,,,,,0.036,0.036,0.3,15.9,Vegetales.xls,,,,,,,,,,,,,,,,,,,,,,,,
540.0,Lengua de vaca. hojas. tejido fresco. parte comestible,Rumex spp.,178.2,43.0,87.1,3.1,0.8,7.6,1.46,,315.0,50.0,38.0,1.2,,,,,48.9,Vegetales.xls,,,,,,,,,,,,,,,,,,,,,,,,
80.0,Lenteja. semilla entera. seca. cruda,Lens esculenta,1465.4,350.0,10.9,20.8,0.8,64.8,2.7,12.0,1104.0,46.0,265.0,3.86,,0.385,0.189,1.5,,Vegetales.xls,,,,,,,,,,,,,,,,,,,,,,,,
492.0,Lupino andino. con cáscara. semilla. crudo,Lupinus mutabilis sweet,1671.0,399.0,9.5,37.8,10,39.5,3.25,,,,,,,,,,,Vegetales.xls,,,,,,,,,,,,,,,,,,,,,,,,
493.0,Lupino andino. sin cáscara. semilla. crudo,Lupinus mutabilis sweet,1722.5,411.0,8.2,38.4,11.6,38.3,3.43,,,,,,,,,,,Vegetales.xls,,,,,,,,,,,,,,,,,,,,,,,,
81.0,Maní. semilla con piel. crudo,Arachis Hypogea,2411.7,576.0,5.1,33.2,44.3,11.1,6.3,11.0,737.0,128.0,491.0,4.06,,0.668,0.272,22,,Vegetales.xls,,,,,,,,,,,,,,,,,,,,,,,,
82.0,Maní. semilla sin piel. tostado,,2478.7,592.0,3,34.8,45.5,10.8,5.9,11.0,725.0,146.0,530.0,2.68,,0.325,0.249,18,,Vegetales.xls,,,,,,,,,,,,,,,,,,,,,,,,
83.0,Mastuerzo (hoja y pecíolo). fresco. crudo,Lepidium sativum,213.5,51.0,87.2,4.2,1.4,5.3,1.9,,,,,,,0.093,0.156,1.3,66.8,Vegetales.xls,,,,,,,,,,,,,,,,,,,,,,,,
501.0,Mastuerzo. hoja,Coronupos didimus,209.4,50.0,84.6,3.7,1.4,8.1,2.2,,276.0,172.0,46.0,3.98,,,,,11.5,Vegetales.xls,,,,,,,,,,,,,,,,,,,,,,,,
85.0,Nabo. hervido,,46.1,11.0,93.9,0.8,...,1.9,3.4,23.0,168.0,72.0,31.0,,,,,,,Vegetales.xls,,,,,,,,,,,,,,,,,,,,,,,,
84.0,Nabo. raiz (pulpa). fresco. crudo,Brassica rapa L.,41.9,10.0,96,1.0,...,1.5,1.5,28.0,304.0,28.0,16.0,0.56,,0.043,0.02,0.4,44.5,Vegetales.xls,,,,,,,,,,,,,,,,,,,,,,,,
86.0,Nuez. pepita,Juglans regia,2993.7,715.0,3.5,13.9,67.4,13.2,2,3.0,687.0,61.0,510.0,2.35,,0.152,0.442,5.1,,Vegetales.xls,,,,,,,,,,,,,,,,,,,,,,,,
87.0,Papa. pulpa sin cáscara. fresca. cruda,Solanum tuberosum,368.5,88.0,78,2.7,...,19.3,0.5,24.0,493.0,36.0,72.0,0.86,,0.13,0.106,1.9,21.2,Vegetales.xls,,,,,,,,,,,,,,,,,,,,,,,,
89.0,Papa. pulpa sin cáscara. frita. bastón,,678.3,162.0,65.8,2.9,6.2,23.6,1.5,35.0,510.0,14.0,79.0,0.44,,,,,14.4,Vegetales.xls,,,,,,,,,,,,,,,,,,,,,,,,
88.0,Papa. pulpa sin cáscara. hervida ,,368.5,88.0,78,2.4,...,19.6,0.2,17.0,405.0,21.0,69.0,1.84,,,,,4.9,Vegetales.xls,,,,,,,,,,,,,,,,,,,,,,,,
90.0,Pepino. pulpa. fresco. crudo,Cucumis sativus,62.8,15.0,96.1,0.7,0.1,2.7,0.4,13.0,141.0,23.0,24.0,0.3,,0.044,0.057,0.1,6.1,Vegetales.xls,,,,,,,,,,,,,,,,,,,,,,,,
91.0,Perejil. hoja. fresco. crudo,Petroselium sativus Hoffm,251.2,60.0,83.9,3.7,1,9,2.4,,,,,,,0.096,0.054,0.3,282.0,Vegetales.xls,,,,,,,,,,,,,,,,,,,,,,,,
92.0,Piñon de araucaria. pepita. crudo,,925.3,221.0,42.4,14.6,1.2,37.9,3.9,5.0,305.0,17.0,181.0,1.71,,0.403,0.221,14.4,,Vegetales.xls,,,,,,,,,,,,,,,,,,,,,,,,
93.0,Pistacho. pepita. crudo,Pistacia Vera,2713.2,648.0,4.2,22.3,54,18.1,1.4,,,,,,,,,,,Vegetales.xls,,,,,,,,,,,,,,,,,,,,,,,,
528.0,Poroto Alubia. semilla. seco,Phaseolus vulgaris ,1411.0,337.0,12.7,19.8,0.8,62.8,3.97,,,,468.0,11.41,2.5,,,,,Vegetales.xls,,,,,,,,,,,,,,,,,,,,,,,,
530.0,Poroto Carioca. semilla. seco,Phaseolus vulgaris ,1406.8,336.0,13.3,20.0,0.9,62,3.87,,,,295.0,8.91,3,,,,,Vegetales.xls,,,,,,,,,,,,,,,,,,,,,,,,
529.0,Poroto Colorado. semilla. seco,Phaseolus vulgaris ,1394.3,333.0,13.2,19.6,1.2,61,5,,,,542.0,13.76,3.6,,,,,Vegetales.xls,,,,,,,,,,,,,,,,,,,,,,,,
531.0,Poroto Grand Berry. semilla. seco,Phaseolus vulgaris ,1406.8,336.0,13.4,21.5,1,60.4,3.79,,,,440.0,17.7,3.2,,,,,Vegetales.xls,,,,,,,,,,,,,,,,,,,,,,,,
532.0,Poroto Great Northern. semilla. seco,Phaseolus vulgaris ,1365.0,326.0,13,21.0,0.5,60.6,4.89,,,,478.0,9.8,3.6,,,,,Vegetales.xls,,,,,,,,,,,,,,,,,,,,,,,,
533.0,Poroto Negro. semilla. seco,Phaseolus vulgaris ,1281.2,306.0,12.9,20.6,1,61.5,4.09,,,,418.0,15.9,3.5,,,,,Vegetales.xls,,,,,,,,,,,,,,,,,,,,,,,,
534.0,Poroto Novy Bean. semilla. seco,Phaseolus vulgaris ,1406.8,336.0,13.8,26.0,1.1,55.6,3.46,,,,334.0,22.89,3.2,,,,,Vegetales.xls,,,,,,,,,,,,,,,,,,,,,,,,
535.0,Poroto Oval. semilla. seco,Phaseolus vulgaris ,1373.3,328.0,12.7,18.2,1.1,63.7,4.35,,,,460.0,9.5,3.9,,,,,Vegetales.xls,,,,,,,,,,,,,,,,,,,,,,,,
536.0,Poroto Pallares. semilla. seco,Phaseolus vulgaris ,1348.2,322.0,14.2,16.6,0.6,63.3,5.26,,,,577.0,,6.1,,,,,Vegetales.xls,,,,,,,,,,,,,,,,,,,,,,,,
537.0,Poroto Small Red. semilla. seco,Phaseolus vulgaris ,1406.8,336.0,13.7,25.3,0.8,56.7,3.45,,,,442.0,14.56,2.5,,,,,Vegetales.xls,,,,,,,,,,,,,,,,,,,,,,,,
95.0,Poroto. semilla. enlatado,Phaseolus vulgaris,372.6,89.0,70.6,8.4,0.9,,1.5,92.0,366.0,49.0,105.0,1.7,1.3,,,,,Vegetales.xls,,,,,,,,11.9,6.7,,,,,,,,,,,,,,,
94.0,Poroto. semilla. seco. crudo,Phaseolus vulgaris,1214.2,290.0,11.7,23.9,2.8,,3.2,8.0,1710.0,125.0,352.0,8.2,2.7,0.399,0.185,1.7,,Vegetales.xls,,,,,,,,42.3,16.1,,,,,,,,,,,,,,,
96.0,Puerro (bulbo. tallo y hojas). fresco. crudo,Allium porrum,188.4,45.0,88.2,2.5,0.4,7.9,1,81.0,199.0,58.0,6.0,0.65,,0.111,0.03,0.5,10.2,Vegetales.xls,,,,,,,,,,,,,,,,,,,,,,,,
98.0,Quinua. harina,,1427.8,341.0,13.7,4.4,1,78.7,2.2,,,94.0,97.0,7.46,,,,,,Vegetales.xls,,,,,,,,,,,,,,,,,,,,,,,,
97.0,Quinua. semilla. cruda,Chenopodium quinoa vild,1482.2,354.0,11.7,13.8,5.1,63.3,6.1,6.0,394.0,171.0,122.0,9.5,,0.089,0.199,3,0.5,Vegetales.xls,,,,,,,,,,,,,,,,,,,,,,,,
99.0,Rabanito. raiz. fresco. crudo,Raphanus sativus,121.4,29.0,91.8,1.3,0.1,5.8,1,,,,,,,0.067,,0.5,17.7,Vegetales.xls,,,,,,,,,,,,,,,,,,,,,,,,
100.0,Radicheta. hoja. fresco. cruda,Cichorium intybus,,,90,2.2,...,,,97.0,339.0,138.0,64.0,1.71,,,,,14.8,Vegetales.xls,,,,,,,,,,,,,,,,,,,,,,,,
101.0,Remolacha. tubérculo. fresca. cruda,Beta Vulgaris,226.1,54.0,85.6,2.4,...,11.1,0.9,51.0,399.0,13.0,46.0,2.86,,0.065,0.053,0.7,9.4,Vegetales.xls,,,,,,,,,,,,,,,,,,,,,,,,
102.0,Remolacha. tubérculo. hervida,Beta Vulgaris,150.7,36.0,90.3,1.0,...,7.9,0.8,63.0,338.0,11.0,39.0,1.82,,,,,,Vegetales.xls,,,,,,,,,,,,,,,,,,,,,,,,
103.0,Repollito Bruselas. hoja. fresco. crudo ,Brassica oleracea gemmifera,242.8,58.0,84.9,4.4,0.5,8.9,1.3,,,,,,,,,,136.0,Vegetales.xls,,,,,,,,,,,,,,,,,,,,,,,,
104.0,Repollo blanco. hoja. fresco. crudo,Brassica oleracea capitata,71.2,17.0,94,2.4,...,1.9,1.7,,,,,,,0.102,0.16,,23.0,Vegetales.xls,,,,,,,,,,,,,,,,,,,,,,,,
105.0,Repollo blanco. hoja. hervido,Brassica oleracea capitata,67.0,16.0,95,2.2,...,1.8,1,11.0,126.0,47.0,40.0,1.27,,,,,27.4,Vegetales.xls,,,,,,,,,,,,,,,,,,,,,,,,
106.0,Salsifí. raiz. fresco. crudo,Trapogon porrifolium,355.9,85.0,79.1,3.5,1,15.5,0.9,,,,,,,0.058,0.068,0.7,4.9,Vegetales.xls,,,,,,,,,,,,,,,,,,,,,,,,
538.0,Soja FT11. poroto seco,Glycine max ,1540.8,368.0,10.2,36.9,6.8,39.8,6.29,,,,695.0,7.61,4.2,,,,,Vegetales.xls,,,,,,,,,,,,,,,,,,,,,,,,
107.0,Soja. semilla madura. seca. cruda,Glycine max. L,1490.6,356.0,9.6,34.6,24.2,,4.41,7.0,2008.0,175.0,498.0,7.6,3.7,,,,,Vegetales.xls,,,,,,,,11.2,16.0,,,,,,,,,,,,,,,
108.0,Tapioca. cruda (harina mandioca),,1406.8,336.0,14.8,2.0,...,82,1.2,,,,,,,,,,,Vegetales.xls,,,,,,,,,,,,,,,,,,,,,,,,
109.0,Tapioca. hervida,,230.3,55.0,85.7,0.1,...,13.7,0.5,,,,,,,,,,,Vegetales.xls,,,,,,,,,,,,,,,,,,,,,,,,
110.0,Tomate. fresco. crudo,Licopersicum sculentum,83.7,20.0,94,1.0,...,4.1,0.9,5.0,267.0,9.0,43.0,1.67,,0.071,0.067,0.4,18.1,Vegetales.xls,,,,,,,,,,,,,,,,,,,,,,,,
111.0,Tomate. hervido,Licopersicum sculentum,87.9,21.0,94,1.0,...,4.2,0.8,7.0,307.0,5.0,28.0,1.84,,,,,9.7,Vegetales.xls,,,,,,,,,,,,,,,,,,,,,,,,
112.0,Tomate. jugo. fresco,Licopersicum sculentum,46.1,11.0,96,1.0,...,1.7,1.3,8.0,338.0,2.0,44.0,0.71,,,,,,Vegetales.xls,,,,,,,,,,,,,,,,,,,,,,,,
500.0,Verdolaga. hoja,Portulaca oleracea,134.0,32.0,89.5,2.4,0.5,5.7,1.7,,332.0,84.0,41.0,3.02,,,,,11.0,Vegetales.xls,,,,,,,,,,,,,,,,,,,,,,,,
113.0,Verdolaga. hoja y tallo. fresca. cruda,Portulaca oleracea,96.3,23.0,93.2,1.6,0.4,3.3,1.5,,,,,,,0.062,0.139,1.2,12.3,Vegetales.xls,,,,,,,,,,,,,,,,,,,,,,,,
541.0,Yuyo colorado. hoja,Amarantus quitensis,249.2,60.0,81,4.1,0.7,11.1,3.16,,293.0,274.0,46.0,6.4,,,,,25.7,Vegetales.xls,,,,,,,,,,,,,,,,,,,,,,,,
116.0,Zanahoria. jugo. fresco,,92.1,22.0,94,1.0,...,4.4,0.6,53.0,305.0,14.0,47.0,0.3,,,,,,Vegetales.xls,,,,,,,,,,,,,,,,,,,,,,,,
114.0,Zanahoria. raiz. pelada. fresca,Daucus carota,,,86,1.1,...,12,0.9,22.0,366.0,37.0,46.0,0.47,,0.08,0.069,0.3,3.9,Vegetales.xls,,,,,,,,,,,,,,,,,,,,,,,,
115.0,Zanahoria. raiz. pelada. hervida,Daucus carota,,,,,,,,22.0,284.0,34.0,37.0,1.36,,,,,1.0,Vegetales.xls,,,,,,,,,,,,,,,,,,,,,,,,
117.0,Zapallito. parte tierna. fresco. crudo,,54.4,13.0,96,0.8,...,2.4,0.8,2.0,203.0,24.0,33.0,1.51,,,,,,Vegetales.xls,,,,,,,,,,,,,,,,,,,,,,,,
118.0,Zapallito. parte tierna. hervido ,,67.0,16.0,95,1.3,...,2.8,0.9,4.0,165.0,35.0,40.0,0.85,,,,,,Vegetales.xls,,,,,,,,,,,,,,,,,,,,,,,,
430.0,Zapallo. pulpa. fresco. crudo,Cucurbita pepo,113.0,27.0,91,0.5,0.2,5.8,2.5,2.0,162.0,23.0,14.0,0.9,,0.044,0.058,0.4,4.8,Vegetales.xls,,,,,,,,,,,,,,,,,,,,,,,,
431.0,Zapallo. pulpa. hervido,Cucurbita pepo,83.7,20.0,94,0.4,...,4.6,1,4.0,142.0,17.0,13.0,0.59,,,,,,Vegetales.xls,,,,,,,,,,,,,,,,,,,,,,,,
