"ID_Ejercicio,Nombre_Oficial,Alias_Buscador,Patron_Movimiento,Lateralidad,Carga_Axial,Musculo_Agonista,Musculos_Sinergistas,Equipamiento_Requerido,Nivel_Habilidad,Nivel_Impacto_Articular"
"SQUAT_001,Sentadilla Trasera con Barra,""Barbell Back Squat, Sentadilla libre, Back squat"",Dominante de Rodilla,Bilateral,SÍ,Cuádriceps,""Glúteo Mayor, Erectores Espinales, Adductores"",Barra Olímpica,4,Medio"
"SQUAT_002,Sentadilla Frontal con Barra,""Barbell Front Squat, Front squat"",Dominante de Rodilla,Bilateral,SÍ,Cuádriceps,""Glúteo Mayor, Core Anterior, Trapecios"",Barra Olímpica,4,Medio"
"SQUAT_003,Sentadilla Copa,""Goblet Squat, Sentadilla con peso al pecho"",Dominante de Rodilla,Bilateral,SÍ,Cuádriceps,""Glúteo Mayor, Core Anterior"",""Mancuernas, Kettlebell"",2,Bajo"
"SQUAT_004,Prensa de Piernas,""Leg Press, Prensa 45 grados, Prensa de pierna"",Dominante de Rodilla,Bilateral,NO,Cuádriceps,""Glúteo Mayor, Isquiosurales"",Máquina,1,Bajo"
"SQUAT_005,Sentadilla Hack en Máquina,""Hack Squat, Sentadilla en máquina"",Dominante de Rodilla,Bilateral,SÍ,Cuádriceps,Glúteo Mayor,Máquina,2,Medio"
"SQUAT_006,Sentadilla a una Pierna,""Pistol Squat, Sentadilla pistol"",Dominante de Rodilla,Unilateral,NO,Cuádriceps,""Glúteo Mayor, Glúteo Medio, Core"",Peso Corporal,5,Alto"
"SQUAT_007,Sentadilla Zercher,Zercher squat,Dominante de Rodilla,Bilateral,SÍ,Cuádriceps,""Core Anterior, Glúteos, Trapecios"",Barra Olímpica,4,Medio"
"SQUAT_008,Sentadilla Sissy,Sissy squat,Dominante de Rodilla,Bilateral,NO,Cuádriceps,Core Global,""Peso Corporal, Máquina"",4,Alto"
"SQUAT_009,Sentadilla Patinador,Skater squat,Dominante de Rodilla,Unilateral,NO,Cuádriceps,""Glúteo Mayor, Core"",Peso Corporal,4,Medio"
"SQUAT_010,Hack Squat con Barra Libre,""Barbell hack squat, Arnold squat"",Dominante de Rodilla,Bilateral,SÍ,Cuádriceps,""Glúteo Mayor, Antebrazos"",Barra Olímpica,4,Medio"
"SQUAT_011,Sentadilla Anderson (Desde Pines),""Anderson squat, pin squat"",Dominante de Rodilla,Bilateral,SÍ,Cuádriceps,""Glúteos, Erectores Espinales"",Barra Olímpica + Rack,4,Alto"
"SQUAT_012,Sentadilla con Cinturón,Belt squat,Dominante de Rodilla,Bilateral,NO,Cuádriceps,Glúteo Mayor,""Máquina Belt Squat, Cinturón"",2,Bajo"
"SQUAT_013,Sentadilla Arquero,Archer squat,Dominante de Rodilla,Asimétrico,NO,Cuádriceps,""Glúteos, Adductores"",Peso Corporal,4,Alto"
"LUNGE_001,Sentadilla Búlgara,""Bulgarian Split Squat, Split squat búlgaro"",Zancada (Lunge),Unilateral,SÍ,Cuádriceps,""Glúteo Mayor, Glúteo Medio"",Mancuernas + Banco Plano,3,Medio"
"LUNGE_002,Zancadas en Movimiento,""Walking Lunges, Estocadas caminando"",Zancada (Lunge),Unilateral,SÍ,Cuádriceps,""Glúteo Mayor, Isquiosurales"",Mancuernas,2,Medio"
"LUNGE_003,Zancada Inversa,""Reverse Lunge, Estocada hacia atrás"",Zancada (Lunge),Unilateral,SÍ,Glúteo Mayor,""Cuádriceps, Isquiosurales"",""Mancuernas, Barra Olímpica"",2,Bajo"
"LUNGE_004,Subidas a Cajón,""Step-Ups, Banco step up"",Zancada (Lunge),Unilateral,SÍ,Cuádriceps,Glúteo Mayor,""Mancuernas, Cajón"",2,Bajo"
"LUNGE_005,Zancada Curtsy (Cruzada),""Curtsy lunge, Estocada cruzada"",Zancada (Lunge),Unilateral,SÍ,Glúteo Medio,""Cuádriceps, Glúteo Mayor"",Mancuernas,3,Medio"
"LUNGE_006,Zancada Lateral,""Side lunge, Cossack lunge"",Zancada (Lunge),Unilateral,SÍ,Adductores,""Cuádriceps, Glúteos"",Mancuernas,3,Medio"
"HINGE_001,Peso Muerto Convencional,""Conventional Deadlift, Deadlift"",Bisagra de Cadera (Hinge),Bilateral,SÍ,Isquiosurales,""Glúteo Mayor, Erectores Espinales, Trapecios"",Barra Olímpica,4,Alto"
"HINGE_002,Peso Muerto Rumano,""RDL, Romanian Deadlift"",Bisagra de Cadera (Hinge),Bilateral,SÍ,Isquiosurales,""Glúteo Mayor, Erectores Espinales"",""Barra Olímpica, Mancuernas"",3,Medio"
"HINGE_003,Peso Muerto Sumo,Sumo Deadlift,Bisagra de Cadera (Hinge),Bilateral,SÍ,Glúteo Mayor,""Adductores, Cuádriceps, Erectores Espinales"",Barra Olímpica,4,Alto"
"HINGE_004,Balanceo con Pesa Rusa,""Kettlebell Swing, KB Swing"",Bisagra de Cadera (Hinge),Bilateral,SÍ,Glúteo Mayor,""Isquiosurales, Erectores Espinales, Core"",Kettlebell,3,Medio"
"HINGE_005,Empuje de Cadera con Barra,""Barbell Hip Thrust, Puente de glúteo con barra"",Bisagra de Cadera (Hinge),Bilateral,NO,Glúteo Mayor,""Isquiosurales, Cuádriceps"",Barra Olímpica + Banco Plano,3,Bajo"
"HINGE_006,Puente de Glúteos,""Glute Bridge, Elevación pélvica"",Bisagra de Cadera (Hinge),Bilateral,NO,Glúteo Mayor,""Isquiosurales, Core"",""Peso Corporal, Bandas"",1,Bajo"
"HINGE_007,Extensiones de Espalda,""Back Extension, Hiperextensiones"",Bisagra de Cadera (Hinge),Bilateral,NO,Erectores Espinales,""Glúteo Mayor, Isquiosurales"",Máquina Silla Romana,2,Bajo"
"HINGE_008,Peso Muerto Rumano Unilateral,""Single-leg RDL, Peso muerto a una pierna"",Bisagra de Cadera (Hinge),Unilateral,SÍ,Isquiosurales,""Glúteo Mayor, Glúteo Medio, Erectores"",""Mancuernas, Kettlebell"",4,Bajo"
"HINGE_009,Elevación de Glúteo-Isquio,""GHR, Glute-Ham Raise"",Bisagra de Cadera (Hinge),Bilateral,NO,Isquiosurales,""Glúteo Mayor, Gastrocnemio"",Máquina GHD,4,Medio"
"HINGE_010,Tirón de Polea entre Piernas,Cable Pull-Through,Bisagra de Cadera (Hinge),Bilateral,NO,Glúteo Mayor,Isquiosurales,Poleas,2,Bajo"
"HINGE_011,Peso Muerto con Barra Hexagonal,""Trap bar deadlift, Hex bar deadlift"",Bisagra de Cadera (Hinge),Bilateral,SÍ,Isquiosurales,""Cuádriceps, Glúteos, Trapecios"",Barra Hexagonal,2,Medio"
"HINGE_012,Buenos Días con Barra,Barbell good morning,Bisagra de Cadera (Hinge),Bilateral,SÍ,Isquiosurales,""Erectores Espinales, Glúteos"",Barra Olímpica,4,Bajo"
"HINGE_013,Peso Muerto con Déficit,Deficit deadlift,Bisagra de Cadera (Hinge),Bilateral,SÍ,Isquiosurales,""Glúteo Mayor, Erectores Espinales"",Barra Olímpica + Disco,4,Alto"
"HINGE_014,Empuje de Cadera Unilateral,Single leg hip thrust,Bisagra de Cadera (Hinge),Unilateral,NO,Glúteo Mayor,Isquiosurales,""Peso Corporal, Mancuerna"",3,Bajo"
"HINGE_015,Peso Muerto a Piernas Rígidas,""Stiff-leg deadlift, SLDL"",Bisagra de Cadera (Hinge),Bilateral,SÍ,Isquiosurales,""Glúteo Mayor, Erectores Espinales"",""Barra Olímpica, Mancuernas"",4,Medio"
"HINGE_016,Hiperextensión Inversa,Reverse hyperextension,Bisagra de Cadera (Hinge),Bilateral,NO,Glúteo Mayor,""Isquiosurales, Erectores Espinales"",Máquina Reverse Hyper,3,Bajo"
"HINGE_017,Peso Muerto Maleta,Suitcase deadlift,Bisagra de Cadera (Hinge),Asimétrico,SÍ,Glúteo Mayor,""Isquiosurales, Cuadrado Lumbar"",""Mancuernas, Kettlebell"",3,Medio"
"HINGE_018,Balanceo de Pesa Rusa a Una Mano,Single arm KB swing,Bisagra de Cadera (Hinge),Unilateral,SÍ,Glúteo Mayor,""Isquiosurales, Oblicuos"",Kettlebell,4,Medio"
"ISO_001,Extensión de Cuádriceps,""Leg Extension, Extensiones de pierna"",Aislamiento,Bilateral,NO,Cuádriceps,Ninguno,Máquina,1,Medio"
"ISO_002,Curl de Isquiosurales Acostado,""Lying Leg Curl, Curl femoral tumbado"",Aislamiento,Bilateral,NO,Isquiosurales,Gastrocnemio,Máquina,1,Bajo"
"ISO_003,Curl de Isquiosurales Sentado,""Seated Leg Curl, Curl femoral sentado"",Aislamiento,Bilateral,NO,Isquiosurales,Gastrocnemio,Máquina,1,Bajo"
"ISO_004,Elevación de Talones de Pie,""Standing Calf Raise, Pantorrillas de pie"",Aislamiento,Bilateral,SÍ,Gastrocnemio,Sóleo,""Máquina, Mancuernas"",1,Bajo"
"ISO_005,Elevación de Talones Sentado,""Seated Calf Raise, Pantorrillas sentado"",Aislamiento,Bilateral,NO,Sóleo,Ninguno,Máquina,1,Bajo"
"ISO_006,Abducción de Cadera,""Hip Abduction, Máquina de abductores"",Aislamiento,Bilateral,NO,Glúteo Medio,Tensor de la Fascia Lata,""Máquina, Bandas"",1,Bajo"
"ISO_007,Aducción de Cadera,""Hip Adduction, Máquina de adductores"",Aislamiento,Bilateral,NO,Adductores,""Pectíneo, Grácil"",Máquina,1,Bajo"
"ISO_008,Patada de Glúteo en Polea,Cable glute kickback,Aislamiento,Unilateral,NO,Glúteo Mayor,Isquiosurales,Poleas,1,Bajo"
"ISO_009,Aperturas en Máquina (Pec Deck),""Pec deck fly, machine chest fly"",Aislamiento,Bilateral,NO,Pectoral Mayor,Deltoides Anterior,Máquina,1,Bajo"
"ISO_010,Curl Predicador en Máquina,Machine preacher curl,Aislamiento,Bilateral,NO,Bíceps Braquial,Braquial,Máquina,1,Bajo"
"ISO_011,Extensión de Tríceps en Máquina,Machine tricep extension,Aislamiento,Bilateral,NO,Tríceps Braquial,Ancóneo,Máquina,1,Bajo"
"ISO_012,Elevación Lateral en Máquina,Machine lateral raise,Aislamiento,Bilateral,NO,Deltoides Lateral,Trapecio Superior,Máquina,1,Bajo"
"ISO_013,Empuje de Cadera en Máquina,""Machine hip thrust, glute drive"",Bisagra de Cadera (Hinge),Bilateral,NO,Glúteo Mayor,Isquiosurales,Máquina,2,Bajo"
"ISO_014,Cruces en Polea Alta,High to low cable crossover,Aislamiento,Bilateral,NO,Pectoral Mayor (Inferior),Deltoides Anterior,Poleas,2,Bajo"
"ISO_015,Cruces en Polea Baja,Low to high cable crossover,Aislamiento,Bilateral,NO,Pectoral Mayor (Superior),Deltoides Anterior,Poleas,2,Bajo"
"ISO_016,Pullover en Polea con Cuerda,Rope straight arm pulldown,Aislamiento,Bilateral,NO,Dorsal Ancho,""Tríceps (Cabeza Larga), Serrato Anterior"",Poleas,2,Bajo"
"ISO_017,Elevación de Pantorrillas en Máquina Smith,Smith machine calf raise,Aislamiento,Bilateral,SÍ,Gastrocnemio,Sóleo,Máquina Smith,1,Bajo"
"ISO_018,Extensión de Cadera de Pie en Polea,Standing cable hip extension,Aislamiento,Unilateral,NO,Glúteo Mayor,Isquiosurales,Poleas,1,Bajo"
"ISO_019,Remo a una Mano en Polea,Single arm cable row,Tracción Horizontal,Unilateral,NO,Dorsal Ancho,""Romboides, Bíceps Braquial"",Poleas,2,Bajo"
"ISO_020,Remo con Pecho Apoyado y Mancuernas,Chest supported DB row,Tracción Horizontal,Bilateral,NO,Dorsal Ancho,""Romboides, Trapecio, Bíceps"",Mancuernas + Banco Inclinado,2,Bajo"
"PLYO_001,Salto al Cajón,""Box Jump, Saltos al cajón"",Pliometría,Bilateral,SÍ,Cuádriceps,""Glúteo Mayor, Isquiosurales, Pantorrillas"",Cajón,3,Alto"
"PLYO_002,Salto de Longitud,""Broad jump, salto largo"",Pliometría,Bilateral,SÍ,Glúteo Mayor,""Cuádriceps, Isquiosurales"",Peso Corporal,2,Alto"
"PLYO_003,Salto de Profundidad,""Depth jump, drop jump"",Pliometría,Bilateral,SÍ,Cuádriceps,""Glúteo Mayor, Isquiosurales"",Cajón,4,Alto"
"PLYO_004,Lanzamiento de Balón Medicinal al Suelo,""Med ball slam, ball slam"",Pliometría,Bilateral,NO,Core Global,""Dorsal Ancho, Hombros, Cadena Anterior"",Balón Medicinal,2,Alto"
"PLYO_005,Lanzamiento Rotacional con Balón,""Rotational med ball throw, wall throw"",Pliometría,Asimétrico,NO,Oblicuos,""Core Global, Deltoides, Cadera"",Balón Medicinal,2,Alto"
"PLYO_006,Cargada de Potencia con Barra,""Power clean, cargada"",Pliometría,Bilateral,SÍ,Cadena Posterior,""Cuádriceps, Trapecios, Glúteos"",Barra Olímpica,4,Alto"
"PLYO_007,Empuje de Envión con Barra,Push jerk,Pliometría,Bilateral,SÍ,Cuádriceps,""Deltoides Anterior, Tríceps, Core"",Barra Olímpica,4,Alto"
"PLYO_008,Arrancada de Potencia con Barra,Power snatch,Pliometría,Bilateral,SÍ,Cadena Posterior,""Hombros, Trapecios, Cuádriceps"",Barra Olímpica,5,Alto"
"PLYO_009,Salto con Rodillas al Pecho,Tuck jump,Pliometría,Bilateral,SÍ,Cadena Anterior,""Cuádriceps, Core"",Peso Corporal,3,Alto"
"PLYO_010,Salto Patinador,""Skater jump, lateral bound"",Pliometría,Unilateral,SÍ,Glúteo Medio,""Cuádriceps, Isquiosurales, Abductores"",Peso Corporal,3,Alto"
"PLYO_011,Flexiones Pliométricas,""Plyo push-ups, flexiones con palmada"",Pliometría,Bilateral,NO,Pectoral Mayor,""Tríceps, Deltoides Anterior"",Peso Corporal,3,Alto"
"PLYO_012,Arrancada con Pesa Rusa,""Kettlebell snatch, KB snatch"",Pliometría,Unilateral,SÍ,Cadena Posterior,""Hombros, Trapecios"",Kettlebell,4,Alto"
"PLYO_013,Salto en Largo Unilateral,Single leg broad jump,Pliometría,Unilateral,SÍ,Glúteo Mayor,""Cuádriceps, Isquiosurales"",Peso Corporal,4,Alto"
"PLYO_014,Salto de Rana,""Frog jump, Squat jump"",Pliometría,Bilateral,SÍ,Cuádriceps,""Glúteo Mayor, Isquiosurales"",Peso Corporal,2,Alto"
"CORE_001,Plancha Frontal,""Forearm Plank, Plancha abdominal"",Core Antiextensión,Bilateral,NO,Recto Abdominal,""Transverso, Oblicuos, Glúteos"",Peso Corporal,1,Bajo"
"CORE_002,Plancha Lateral,""Side Plank, Plancha oblicua"",Core Antiflexión,Unilateral,NO,Oblicuos,""Cuadrado Lumbar, Glúteo Medio"",Peso Corporal,2,Bajo"
"CORE_003,Rueda Abdominal,""Ab Wheel Rollout, Rueda"",Core Antiextensión,Bilateral,NO,Recto Abdominal,""Dorsal Ancho, Tríceps, Core Profundo"",Rueda Abdominal,4,Medio"
"CORE_004,Press Pallof,""Pallof Press, Press antirotación"",Core Antirotación,Asimétrico,NO,Oblicuos,""Transverso del Abdomen, Multífidos"",""Poleas, Bandas"",2,Bajo"
"CORE_005,Perro Pájaro,""Bird Dog, Extensión cruzada"",Core Antirotación,Asimétrico,NO,Multífidos,""Erectores Espinales, Glúteos, Hombros"",Peso Corporal,2,Bajo"
"CORE_006,Bicho Muerto,""Dead Bug, Bicho muerto"",Core Antiextensión,Asimétrico,NO,Transverso del Abdomen,""Recto Abdominal, Oblicuos"",Peso Corporal,2,Bajo"
"CORE_007,Curl-up de McGill,""McGill Curl-up, Encogimiento lumbar seguro"",Core Flexión,Unilateral,NO,Recto Abdominal,Oblicuos,Peso Corporal,1,Bajo"
"CORE_008,Elevación de Piernas Colgado,""Hanging Leg Raise, Abs colgado"",Core Flexión,Bilateral,NO,Recto Abdominal,""Psoas Ilíaco, Flexores de cadera"",""Peso Corporal, Barra Dominadas"",4,Bajo"
"CORE_009,Paseo del Granjero,""Farmer's Walk, Caminata granjero"",Core Antiflexión,Bilateral,SÍ,Core Global,""Trapecios, Antebrazos, Erectores"",""Mancuernas, Kettlebell"",2,Medio"
"CORE_010,Paseo de Maleta,""Suitcase Carry, Granjero a una mano"",Core Antiflexión,Unilateral,SÍ,Oblicuos,""Cuadrado Lumbar, Antebrazos"",""Mancuernas, Kettlebell"",2,Medio"
"CORE_011,Cortador de Madera con Cable,""Cable Woodchopper, Leñador polea"",Core Antirotación,Asimétrico,NO,Oblicuos,""Recto Abdominal, Hombros"",Poleas,3,Medio"
"CORE_012,Giro Ruso,""Russian Twist, Giros rusos"",Core Antirotación,Bilateral,NO,Oblicuos,""Recto Abdominal, Flexores de cadera"",""Mancuernas, Kettlebell"",2,Medio"
"CORE_013,Revolver la Olla,""Stir the Pot, Plancha en fitball"",Core Antiextensión,Bilateral,NO,Recto Abdominal,""Oblicuos, Serrato Anterior"",Pelota Suiza,4,Bajo"
"CORE_014,Plancha Copenhague,""Copenhagen Plank, Plancha aductores"",Core Antiflexión,Unilateral,NO,Adductores,""Oblicuos, Glúteo Medio"",Peso Corporal + Banco Plano,4,Bajo"
"CORE_015,Posición de Cuerpo Hueco,""Hollow Body Hold, Hollow rock"",Core Antiextensión,Bilateral,NO,Recto Abdominal,""Transverso, Flexores de cadera"",Peso Corporal,3,Bajo"
"CORE_016,Encogimientos Inversos,""Reverse Crunch, Crunch inverso"",Core Flexión,Bilateral,NO,Recto Abdominal,Oblicuos,Peso Corporal,2,Bajo"
"CORE_017,Pica en Pelota Suiza,""Stability Ball Pike, Encogimientos fitball"",Core Flexión,Bilateral,NO,Recto Abdominal,""Flexores de cadera, Hombros"",Pelota Suiza,4,Medio"
"CORE_018,Encogimientos en V,""V-Ups, Abdominales en V"",Core Flexión,Bilateral,NO,Recto Abdominal,""Psoas, Recto Femoral"",Peso Corporal,3,Medio"
"CORE_019,Bandera del Dragón,""Dragon Flag, Elevación de tronco completa"",Core Antiextensión,Bilateral,NO,Recto Abdominal,""Core Global, Dorsales"",Peso Corporal + Banco Plano,5,Alto"
"CORE_020,Encogimientos Abdominales,""Crunches, Las abdominales"",Core Flexión,Bilateral,NO,Recto Abdominal,Oblicuos,Peso Corporal,1,Bajo"
"CORE_021,Levantamiento Turco,""Turkish get-up, TGU"",Core Antirotación,Asimétrico,SÍ,Core Global,""Hombros, Piernas, Glúteos"",""Kettlebell, Mancuerna"",5,Bajo"
"CORE_022,Molino con Pesa Rusa,Kettlebell windmill,Core Antiflexión,Asimétrico,SÍ,Oblicuos,""Core Global, Hombros"",Kettlebell,4,Bajo"
"CORE_023,Pies a la Barra,""Toes to bar, T2B"",Core Flexión,Bilateral,NO,Recto Abdominal,""Flexores de cadera, Dorsal"",Barra Dominadas,4,Bajo"
"CORE_024,Soporte en L,L-sit hold,Core Flexión,Bilateral,NO,Recto Abdominal,""Flexores de cadera, Tríceps"",""Paralelas, Suelo"",4,Bajo"
"CORE_025,Palanca Frontal,Front lever,Core Antiextensión,Bilateral,NO,Dorsal Ancho,""Core Global, Deltoides Posterior"",""Barra Dominadas, Anillas"",5,Bajo"
"CORE_026,Bandera Humana,Human flag,Core Antiflexión,Asimétrico,NO,Oblicuos,""Dorsal Ancho, Hombros"",Poste Vertical,5,Alto"
"CORE_027,Abdominales en GHD,GHD sit-up,Core Flexión,Bilateral,NO,Recto Abdominal,""Psoas Ilíaco, Recto Femoral"",Máquina GHD,4,Alto"
"CORE_028,Elevación de Rodillas Oblicuas Colgado,Hanging oblique knee raise,Core Flexión,Asimétrico,NO,Oblicuos,""Recto Abdominal, Psoas"",Barra Dominadas,3,Bajo"
"CORE_029,Encogimientos en Polea (Cable Crunch),""Cable crunch, kneeling cable crunch"",Core Flexión,Bilateral,NO,Recto Abdominal,Oblicuos,Poleas,2,Bajo"
"CORE_030,Abdominales Declinados,Decline sit-ups,Core Flexión,Bilateral,NO,Recto Abdominal,Psoas Ilíaco,Banco Declinado,2,Medio"
"CORE_031,Abdominales con AbMat,""Abmat sit-ups, crossfit sit-ups"",Core Flexión,Bilateral,NO,Recto Abdominal,Flexores de Cadera,""Peso Corporal, AbMat"",1,Medio"
"CORE_032,Rotación de Torso en Máquina,Machine torso rotation,Core Antirotación,Asimétrico,NO,Oblicuos,Recto Abdominal,Máquina,1,Medio"
"CORE_033,Leñador Inverso en Polea,""Reverse cable woodchop, low to high chop"",Core Antirotación,Asimétrico,NO,Oblicuos,""Deltoides Anterior, Glúteos"",Poleas,3,Medio"
"HPUSH_001,Press de Banca con Barra,""Barbell Bench Press, Press plano"",Empuje Horizontal,Bilateral,NO,Pectoral Mayor,""Deltoides Anterior, Tríceps Braquial"",Barra Olímpica + Banco Plano,3,Medio"
"HPUSH_002,Press de Banca con Mancuernas,""Dumbbell Bench Press, Press mancuernas"",Empuje Horizontal,Bilateral,NO,Pectoral Mayor,""Deltoides Anterior, Tríceps Braquial"",Mancuernas + Banco Plano,3,Medio"
"HPUSH_003,Flexiones de Brazos,""Push-ups, Lagartijas"",Empuje Horizontal,Bilateral,NO,Pectoral Mayor,""Deltoides Anterior, Tríceps Braquial, Core"",Peso Corporal,2,Bajo"
"HPUSH_004,Press de Banca Inclinado con Barra,""Incline Barbell Bench Press, Press inclinado"",Empuje Horizontal,Bilateral,NO,Pectoral Mayor,""Deltoides Anterior, Tríceps Braquial"",Barra Olímpica + Banco Inclinado,3,Medio"
"HPUSH_005,Press de Banca Declinado con Barra,""Decline Bench Press, Press declinado"",Empuje Horizontal,Bilateral,NO,Pectoral Mayor,""Deltoides Anterior, Tríceps Braquial"",Barra Olímpica + Banco Declinado,3,Medio"
"HPUSH_006,Fondos en Paralelas (Pecho),""Chest Dips, Fondos pecho"",Empuje Horizontal,Bilateral,NO,Pectoral Mayor,""Tríceps Braquial, Deltoides Anterior"",""Peso Corporal, Máquina"",4,Alto"
"HPUSH_007,Press de Pecho en Máquina,""Machine Chest Press, Press máquina"",Empuje Horizontal,Bilateral,NO,Pectoral Mayor,""Deltoides Anterior, Tríceps Braquial"",Máquina,1,Bajo"
"HPUSH_008,Flexiones Diamante,""Diamond Push-ups, Lagartijas diamante"",Empuje Horizontal,Bilateral,NO,Tríceps Braquial,""Pectoral Mayor, Deltoides Anterior"",Peso Corporal,3,Medio"
"HPUSH_009,Press de Pecho en Suelo,Floor press,Empuje Horizontal,Bilateral,NO,Pectoral Mayor,""Tríceps Braquial, Deltoides Anterior"",""Barra Olímpica, Mancuernas"",2,Bajo"
"HPUSH_010,Press de Banca con Agarre Estrecho,Close grip bench press,Empuje Horizontal,Bilateral,NO,Tríceps Braquial,""Pectoral Mayor, Deltoides Anterior"",Barra Olímpica + Banco Plano,3,Medio"
"HPUSH_011,Fondos en Anillas,Ring dips,Empuje Horizontal,Bilateral,NO,Pectoral Mayor,""Tríceps Braquial, Estabilizadores"",Anillas,5,Alto"
"HPUSH_012,Flexión Pseudo Planche,Pseudo planche push-up,Empuje Horizontal,Bilateral,NO,Pectoral Mayor,""Deltoides Anterior, Tríceps Braquial"",Peso Corporal,4,Medio"
"HPUSH_013,Flexiones Arquero,Archer push-up,Empuje Horizontal,Asimétrico,NO,Pectoral Mayor,""Tríceps Braquial, Deltoides"",Peso Corporal,3,Medio"
"HPUSH_014,Press Spoto,""Spoto press, Pause bench"",Empuje Horizontal,Bilateral,NO,Pectoral Mayor,Tríceps Braquial,Barra Olímpica + Banco Plano,4,Medio"
"VPUSH_001,Press Militar con Barra de Pie,""Standing Overhead Press, OHP"",Empuje Vertical,Bilateral,SÍ,Deltoides Anterior,""Tríceps Braquial, Pectoral Superior, Core"",Barra Olímpica,4,Medio"
"VPUSH_002,Press de Hombros Sentado con Mancuernas,""Seated Dumbbell Shoulder Press, Press mancuernas"",Empuje Vertical,Bilateral,SÍ,Deltoides Anterior,""Tríceps Braquial, Deltoides Lateral"",Mancuernas + Banco Plano,3,Medio"
"VPUSH_003,Press Arnold,Arnold Press,Empuje Vertical,Bilateral,SÍ,Deltoides Anterior,""Deltoides Lateral, Tríceps Braquial"",Mancuernas + Banco Plano,3,Medio"
"VPUSH_004,Push Press con Barra,Push Press,Empuje Vertical,Bilateral,SÍ,Deltoides Anterior,""Tríceps Braquial, Cuádriceps, Core"",Barra Olímpica,4,Alto"
"VPUSH_005,Press Landmine a Una Mano,Single arm landmine press,Empuje Vertical,Unilateral,SÍ,Deltoides Anterior,""Pectoral Superior, Tríceps Braquial, Core"",""Barra Olímpica, Landmine"",3,Bajo"
"VPUSH_006,Press de Hombros en Máquina,Machine shoulder press,Empuje Vertical,Bilateral,SÍ,Deltoides Anterior,""Tríceps Braquial, Deltoides Lateral"",Máquina,1,Bajo"
"VPUSH_007,Flexiones de Pino,""HSPU, handstand push ups"",Empuje Vertical,Bilateral,SÍ,Deltoides Anterior,""Tríceps Braquial, Trapecio Superior"",Peso Corporal,5,Alto"
"VPUSH_008,Press Militar Sentado con Barra,Seated barbell overhead press,Empuje Vertical,Bilateral,SÍ,Deltoides Anterior,""Tríceps Braquial, Pectoral Superior"",Barra Olímpica + Banco Plano,3,Medio"
"VPUSH_009,Flexiones Carpa,Pike push-ups,Empuje Vertical,Bilateral,SÍ,Deltoides Anterior,""Tríceps Braquial, Trapecio"",Peso Corporal,3,Medio"
"VPUSH_010,Press de Hombros a Una Mano con Pesa Rusa,Single arm KB press,Empuje Vertical,Unilateral,SÍ,Deltoides Anterior,""Tríceps Braquial, Core"",Kettlebell,3,Medio"
"HPULL_001,Remo con Barra Inclinado,""Barbell Bent Over Row, Remo con barra"",Tracción Horizontal,Bilateral,SÍ,Dorsal Ancho,""Romboides, Trapecio, Bíceps Braquial, Erectores"",Barra Olímpica,4,Medio"
"HPULL_002,Remo con Mancuerna a Una Mano,""Single Arm Dumbbell Row, Remo serrucho"",Tracción Horizontal,Unilateral,NO,Dorsal Ancho,""Romboides, Trapecio, Bíceps Braquial"",Mancuernas + Banco Plano,2,Bajo"
"HPULL_003,Remo Sentado en Polea Baja,""Seated Cable Row, Remo polea baja"",Tracción Horizontal,Bilateral,NO,Dorsal Ancho,""Romboides, Trapecio, Bíceps Braquial"",Poleas,2,Bajo"
"HPULL_004,Remo Invertido en Barra,""Inverted Row, Australian pull ups"",Tracción Horizontal,Bilateral,NO,Dorsal Ancho,""Romboides, Trapecio, Bíceps Braquial"",""Peso Corporal, Barra Olímpica"",2,Bajo"
"HPULL_005,Remo en Máquina con Apoyo de Pecho,""Chest Supported Row, Remo máquina"",Tracción Horizontal,Bilateral,NO,Dorsal Ancho,""Romboides, Trapecio, Bíceps Braquial"",Máquina,1,Bajo"
"HPULL_006,Remo con Barra en T,""T-Bar Row, Remo en T"",Tracción Horizontal,Bilateral,SÍ,Dorsal Ancho,""Romboides, Trapecio, Bíceps Braquial, Erectores"",""Barra Olímpica, Landmine"",3,Medio"
"HPULL_007,Remo al Cuello con Barra,""Barbell Upright Row, Remo al mentón"",Tracción Horizontal,Bilateral,SÍ,Trapecio Superior,""Deltoides Lateral, Bíceps Braquial"",Barra Olímpica,3,Alto"
"HPULL_008,Remo en Suspensión,""TRX Row, Ring row"",Tracción Horizontal,Bilateral,NO,Dorsal Ancho,""Romboides, Trapecio, Bíceps Braquial, Core"",""Anillas, Bandas"",2,Bajo"
"HPULL_009,Remo Pendlay,Pendlay row,Tracción Horizontal,Bilateral,SÍ,Dorsal Ancho,""Romboides, Erectores Espinales"",Barra Olímpica,4,Medio"
"HPULL_010,Remo Meadows,Meadows row,Tracción Horizontal,Unilateral,SÍ,Dorsal Ancho,""Deltoides Posterior, Romboides"",Barra Olímpica (Landmine),3,Medio"
"HPULL_011,Remo Gorila,Gorilla row,Tracción Horizontal,Unilateral,SÍ,Dorsal Ancho,""Romboides, Bíceps Braquial"",Kettlebells,2,Bajo"
"HPULL_012,Remo Kroc,""Kroc row, Heavy DB row"",Tracción Horizontal,Unilateral,SÍ,Dorsal Ancho,""Romboides, Agarre"",Mancuerna Pesada + Banco,4,Medio"
"HPULL_013,Remo Foca,""Seal row, Bench pull"",Tracción Horizontal,Bilateral,NO,Dorsal Ancho,""Romboides, Trapecio"",Barra Olímpica + Banco Elevado,3,Bajo"
"HPULL_014,Remo Renegado,Renegade row,Tracción Horizontal,Asimétrico,NO,Dorsal Ancho,""Core Antirotación, Bíceps"",""Mancuernas, Kettlebells"",3,Medio"
"VPULL_001,Dominadas Estrictas Pronas,""Pull-ups, Dominadas abiertas"",Tracción Vertical,Bilateral,NO,Dorsal Ancho,""Bíceps Braquial, Braquial, Trapecio Inferior"",""Peso Corporal, Barra Dominadas"",4,Medio"
"VPULL_002,Dominadas Supinas,""Chin-ups, Dominadas cerradas"",Tracción Vertical,Bilateral,NO,Dorsal Ancho,""Bíceps Braquial, Braquial, Pectoral Menor"",""Peso Corporal, Barra Dominadas"",3,Medio"
"VPULL_003,Jalón al Pecho Polea Alta,""Lat Pulldown, Jalón polea"",Tracción Vertical,Bilateral,NO,Dorsal Ancho,""Bíceps Braquial, Trapecio Inferior, Romboides"",Poleas,1,Bajo"
"VPULL_004,Jalón al Pecho Agarre Supino,""Underhand Lat Pulldown, Jalón supino"",Tracción Vertical,Bilateral,NO,Dorsal Ancho,""Bíceps Braquial, Braquial"",Poleas,1,Bajo"
"VPULL_005,Jalón al Pecho Agarre Neutro,""V-Bar Lat Pulldown, Jalón neutro"",Tracción Vertical,Bilateral,NO,Dorsal Ancho,""Bíceps Braquial, Braquiorradial"",Poleas,1,Bajo"
"VPULL_006,Pull-over con Polea Alta Brazos Rígidos,""Straight Arm Pulldown, Pulldown brazos rectos"",Tracción Vertical,Bilateral,NO,Dorsal Ancho,""Tríceps (Cabeza Larga), Pectoral Mayor"",Poleas,2,Bajo"
"VPULL_007,Pull-over con Mancuerna,Dumbbell Pullover,Tracción Vertical,Bilateral,NO,Dorsal Ancho,""Pectoral Mayor, Tríceps (Cabeza Larga)"",Mancuernas + Banco Plano,3,Medio"
"VPULL_008,Dominadas Asistidas con Banda,""Band Assisted Pull-ups, Dominadas con liga"",Tracción Vertical,Bilateral,NO,Dorsal Ancho,""Bíceps Braquial, Braquial"",""Peso Corporal, Bandas, Barra Dominadas"",2,Bajo"
"VPULL_009,Muscle-Up en Barra,Bar muscle-up,Tracción Vertical,Bilateral,NO,Dorsal Ancho,""Pectoral, Tríceps, Core"",Barra Dominadas,5,Alto"
"VPULL_010,Dominadas a Una Mano,""Single arm pull-up, OAP"",Tracción Vertical,Unilateral,NO,Dorsal Ancho,""Bíceps Braquial, Braquial"",Barra Dominadas,5,Alto"
"SHISO_001,Elevaciones Laterales con Mancuernas,""Lateral Raises, Vuelos laterales"",Aislamiento,Bilateral,SÍ,Deltoides Lateral,Trapecio Superior,Mancuernas,2,Bajo"
"SHISO_002,Elevaciones Frontales con Mancuernas,""Front Raises, Elevación frontal"",Aislamiento,Bilateral,SÍ,Deltoides Anterior,Pectoral Superior,Mancuernas,1,Bajo"
"SHISO_003,Vuelos Posteriores con Mancuernas,""Rear Delt Flyes, Pájaros"",Aislamiento,Bilateral,NO,Deltoides Posterior,""Romboides, Trapecio Medio"",Mancuernas + Banco Plano,2,Bajo"
"SHISO_004,Face Pulls en Polea,""Face Pulls, Tirones a la cara"",Aislamiento,Bilateral,NO,Deltoides Posterior,""Romboides, Trapecio Inferior, Rotadores Externos"",Poleas,2,Bajo"
"SHISO_005,Elevaciones Laterales en Polea,""Cable Lateral Raises, Vuelos polea"",Aislamiento,Unilateral,NO,Deltoides Lateral,Trapecio Superior,Poleas,2,Bajo"
"SHISO_006,Pec Deck Invertido,""Reverse Pec Deck, Pájaros en máquina"",Aislamiento,Bilateral,NO,Deltoides Posterior,""Romboides, Trapecio Medio"",Máquina,1,Bajo"
"SHISO_007,Elevación Lateral en Polea Baja,Cable lateral raise,Aislamiento,Unilateral,NO,Deltoides Lateral,Trapecio Superior,Poleas,2,Bajo"
"SHISO_008,Elevaciones en Y,""Y-raise, Prone Y"",Aislamiento,Bilateral,NO,Trapecio Inferior,Deltoides Posterior,Mancuernas + Banco Inclinado,2,Bajo"
"ARMISO_001,Curl de Bíceps con Barra Recta,""Barbell Bicep Curl, Curl con barra"",Aislamiento,Bilateral,SÍ,Bíceps Braquial,""Braquial, Braquiorradial, Antebrazos"",Barra Olímpica,2,Bajo"
"ARMISO_002,Curl de Bíceps Alterno con Mancuernas,""Alternating Dumbbell Curl, Curl mancuernas"",Aislamiento,Unilateral,SÍ,Bíceps Braquial,""Braquial, Braquiorradial"",Mancuernas,1,Bajo"
"ARMISO_003,Curl Martillo con Mancuernas,""Hammer Curl, Curl martillo"",Aislamiento,Bilateral,SÍ,Braquiorradial,""Bíceps Braquial, Braquial"",Mancuernas,1,Bajo"
"ARMISO_004,Curl Predicador con Barra EZ,""EZ Bar Preacher Curl, Curl banco Scott"",Aislamiento,Bilateral,NO,Bíceps Braquial,Braquial,""Barra Olímpica, Máquina"",2,Medio"
"ARMISO_005,Curl de Bíceps en Polea Baja,""Cable Bicep Curl, Curl polea"",Aislamiento,Bilateral,NO,Bíceps Braquial,Braquial,Poleas,1,Bajo"
"ARMISO_006,Extensión de Tríceps en Polea Alta con Cuerda,""Tricep Rope Pushdown, Jalón tríceps cuerda"",Aislamiento,Bilateral,NO,Tríceps Braquial,Ancóneo,Poleas,1,Bajo"
"ARMISO_007,Rompecráneos con Barra EZ,""Skullcrushers, Press francés"",Aislamiento,Bilateral,NO,Tríceps Braquial,Ninguno,Barra Olímpica + Banco Plano,3,Medio"
"ARMISO_008,Extensión de Tríceps Tras Nuca con Mancuerna,""Overhead Tricep Extension, Extensión copa"",Aislamiento,Bilateral,SÍ,Tríceps Braquial,Ninguno,Mancuernas,2,Medio"
"ARMISO_009,Patada de Burro para Tríceps,""Tricep Kickback, Patada tríceps"",Aislamiento,Unilateral,NO,Tríceps Braquial,Ninguno,Mancuernas,1,Bajo"
"ARMISO_010,Fondos entre Bancos,""Bench Dips, Fondos tríceps silla"",Aislamiento,Bilateral,NO,Tríceps Braquial,""Deltoides Anterior, Pectoral Mayor"",Peso Corporal + Banco Plano,2,Medio"
"ARMISO_011,Curl Araña con Mancuerna,Spider Curl,Aislamiento,Unilateral,NO,Bíceps Braquial,Braquial,Mancuernas + Banco Inclinado,2,Bajo"
"ARMISO_012,Extensión de Tríceps en Polea Alta Unilateral,""Single Arm Tricep Extension, Tríceps polea a una mano"",Aislamiento,Unilateral,NO,Tríceps Braquial,Ninguno,Poleas,2,Bajo"
"ARMISO_013,Curl Zottman,Zottman curl,Aislamiento,Bilateral,SÍ,Bíceps Braquial,""Braquiorradial, Braquial"",Mancuernas,2,Bajo"
"ARMISO_014,Curl Inclinado con Mancuernas,Incline DB curl,Aislamiento,Bilateral,NO,Bíceps Braquial,Braquial,Mancuernas + Banco Inclinado,2,Bajo"
"ARMISO_015,Press Tate,Tate press,Aislamiento,Bilateral,NO,Tríceps Braquial,Ninguno,Mancuernas + Banco Plano,3,Bajo"
"MOB_001,El Mejor Estiramiento del Mundo,""World's greatest stretch, WGS"",Movilidad,Asimétrico,NO,Full Body,Cadena Anterior/Posterior,Peso Corporal,2,Bajo"
"MOB_002,Rotaciones 90/90 de Cadera,""90/90 stretch, hip 90/90, shin box"",Movilidad,Asimétrico,NO,Glúteo Medio,""Rotadores Externos, Tensor Fascia Lata"",Peso Corporal,1,Bajo"
"MOB_003,Gato-Camello,Cat-Cow,Movilidad,Bilateral,NO,Erectores Espinales,Recto Abdominal,Peso Corporal,1,Bajo"
"MOB_004,Dislocaciones de Hombro con Pica,""Shoulder dislocations, pass-throughs"",Movilidad,Bilateral,NO,Pectoral Mayor,""Deltoides Anterior, Dorsal Ancho"",Pica,1,Bajo"
"MOB_005,Caminata de Oruga,""Inchworm, Gusano"",Movilidad,Bilateral,NO,Cadena Posterior,""Core Global, Hombros"",Peso Corporal,2,Bajo"
"MOB_006,Rotación Torácica en Cuadrupedia,""Quadruped thoracic rotation, T-spine rotation"",Movilidad,Unilateral,NO,Columna Torácica,""Romboides, Pectoral"",Peso Corporal,1,Bajo"
"MOB_007,Deslizamientos de Pared,""Wall slides, scapular slides"",Movilidad,Bilateral,NO,Trapecio Inferior,""Serrato Anterior, Rotadores Externos"",Peso Corporal,1,Bajo"
"MOB_008,Sentadilla de Arquero (Cossack),""Cossack squat, side lunge stretch"",Movilidad,Asimétrico,NO,Adductores,""Glúteo Mayor, Isquiosurales"",Peso Corporal,3,Bajo"
"MOB_009,Movilidad de Tobillo a la Pared,""Ankle dorsiflexion stretch, wall ankle stretch"",Movilidad,Unilateral,NO,Sóleo,""Gastrocnemio, Tibial Anterior"",Peso Corporal,1,Bajo"
"MOB_010,Perro Boca Abajo a Cobra,""Downward dog to upward dog, hindú push up"",Movilidad,Bilateral,NO,Cadena Posterior,""Cadena Anterior, Hombros"",Peso Corporal,2,Bajo"
"COND_001,Empuje de Trineo,""Sled push, prowler push"",Locomoción/Transporte,Bilateral,NO,Cuádriceps,""Glúteos, Isquiosurales, Core"",Trineo,2,Bajo"
"COND_002,Tirón de Trineo en Reversa,""Sled pull, reverse sled drag"",Locomoción/Transporte,Bilateral,NO,Cuádriceps,""Tibial Anterior, Core"",Trineo,2,Bajo"
"COND_003,Paseo del Granjero Pesado,""Heavy farmer's walk, caminata con peso"",Locomoción/Transporte,Bilateral,SÍ,Full Body,""Trapecios, Antebrazos, Core"",""Mancuernas, Kettlebell"",2,Medio"
"COND_004,Transporte de Yugo,""Yoke carry, yoke walk"",Locomoción/Transporte,Bilateral,SÍ,Full Body,""Cuádriceps, Glúteos, Core"",Máquina Yugo,4,Medio"
"COND_005,Cuerdas de Batalla,""Battle ropes, cuerdas funcionales"",Acondicionamiento Metabólico,Bilateral,NO,Deltoides Anterior,""Core Global, Pectoral, Dorsales"",Cuerdas de Batalla,1,Bajo"
"COND_006,Sprint en Cinta Curva,""Curve treadmill sprint, sprints"",Acondicionamiento Metabólico,Bilateral,SÍ,Cadena Posterior,""Cuádriceps, Core"",Cinta Curva,3,Alto"
"COND_007,Remo Ergómetro,""Rowing machine, concept 2 row"",Acondicionamiento Metabólico,Bilateral,NO,Cadena Posterior,""Dorsal Ancho, Bíceps, Core"",Máquina de Remo,2,Bajo"
"COND_008,Ski Ergómetro,SkiErg,Acondicionamiento Metabólico,Bilateral,NO,Dorsal Ancho,""Tríceps, Core Flexión"",Máquina SkiErg,1,Bajo"
"COND_009,Transporte de Saco de Arena,""Sandbag carry, bear hug carry"",Locomoción/Transporte,Bilateral,SÍ,Full Body,""Erectores Espinales, Bíceps, Pectoral"",Saco de Arena,3,Medio"
"COND_010,Bicicleta de Asalto (Assault Bike),""Assault bike, air bike, echo bike"",Acondicionamiento Metabólico,Bilateral,NO,Full Body,""Cuádriceps, Hombros, Pecho"",Bicicleta de Asalto,1,Bajo"
"COND_011,Volteo de Neumático,Tire flip,Locomoción/Transporte,Bilateral,SÍ,Full Body,""Cadena Posterior, Pectoral, Hombros"",Neumático Pesado,4,Medio"
"COND_012,Golpes con Mazo a Neumático,Sledgehammer tire strike,Acondicionamiento Metabólico,Asimétrico,NO,Core Global,""Dorsal Ancho, Hombros"",""Mazo, Neumático"",3,Medio"
"COND_013,Paseo de Camarero,""Waiter's walk, Overhead carry"",Locomoción/Transporte,Unilateral,SÍ,Core Global,""Hombros, Trapecios, Tríceps"",""Kettlebell, Mancuerna"",3,Medio"
"COND_014,Paseo del Granjero con Barra Trap,Trap bar farmer's walk,Locomoción/Transporte,Bilateral,SÍ,Full Body,""Trapecios, Antebrazos, Core"",Barra Hexagonal,3,Medio"
"COND_015,Transporte Zercher,Zercher carry,Locomoción/Transporte,Bilateral,SÍ,Core Global,""Cuádriceps, Bíceps, Erectores"",""Barra Olímpica, Sandbag"",4,Medio"
"PRE_001,Perro Pájaro de McGill,""Bird-dog, cuadrupedia cruzada"",Core Antirotación,Asimétrico,NO,Multífidos,""Erectores Espinales, Glúteo Mayor"",Peso Corporal,1,Bajo"
"PRE_002,Almejas con Banda,""Clamshells, abducción cadera tumbado"",Aislamiento,Unilateral,NO,Glúteo Medio,Rotadores Externos Profundos,Bandas,1,Bajo"
"PRE_003,Rotación Externa de Hombro con Banda,""Band external rotation, rotator cuff"",Aislamiento,Unilateral,NO,Infraespinoso,""Redondo Menor, Deltoides Posterior"",Bandas,1,Bajo"
"PRE_004,Press Pallof Isométrico,""Isometric pallof press, anti-rotation hold"",Core Antirotación,Asimétrico,NO,Oblicuos,""Transverso, Cuadrado Lumbar"",""Poleas, Bandas"",1,Bajo"
"PRE_005,Elevaciones YTWL,""YTWL raises, scapular circuit"",Aislamiento,Bilateral,NO,Trapecio Medio/Inferior,""Deltoides Posterior, Romboides"",""Peso Corporal, Mancuernas ligeras"",2,Bajo"
"PRE_006,Curl-up de McGill Modificado,Modified McGill curl-up,Core Flexión,Unilateral,NO,Recto Abdominal,Oblicuos,Peso Corporal,1,Bajo"
"PRE_007,Separaciones con Banda,""Band pull-aparts, rear delt band"",Aislamiento,Bilateral,NO,Deltoides Posterior,""Romboides, Trapecio Medio"",Bandas,1,Bajo"
"PRE_008,Sentadilla Isométrica Española,""Spanish squat, iso squat"",Dominante de Rodilla,Bilateral,NO,Cuádriceps,Tendón Rotuliano (Pre-hab),Bandas Pesadas,2,Bajo"
"PRE_009,Plancha Copenhague Corta,""Short copenhagen plank, adductor bridge"",Core Antiflexión,Unilateral,NO,Adductores,Oblicuos,""Peso Corporal, Banco"",3,Bajo"
"PRE_010,Puente de Glúteo a Una Pierna,Single leg glute bridge,Bisagra de Cadera (Hinge),Unilateral,NO,Glúteo Mayor,""Isquiosurales, Core"",Peso Corporal,2,Bajo"
"PRE_011,Caminata Lateral con Banda (Monster Walk),""Monster walk, banded lateral walk"",Locomoción/Transporte,Bilateral,NO,Glúteo Medio,""Glúteo Menor, TFL"",Bandas,1,Bajo"
"PRE_012,Descenso de Escalón Excéntrico,""Eccentric step down, Peterson step up"",Dominante de Rodilla,Unilateral,SÍ,Cuádriceps (VMO),Glúteo Medio,""Cajón, Peso Corporal"",2,Bajo"
"PRE_013,Estiramiento de Flexores de Cadera en Caballero,Half-kneeling hip flexor stretch,Movilidad,Asimétrico,NO,Psoas Ilíaco,Recto Femoral,Peso Corporal,1,Bajo"
"PRE_014,Rotación Interna de Hombro con Banda,Band internal rotation,Aislamiento,Unilateral,NO,Subescapular,Pectoral Mayor,Bandas,1,Bajo"
"PRE_015,Plancha Lateral de McGill,McGill side plank,Core Antiflexión,Unilateral,NO,Cuadrado Lumbar,""Oblicuos, Glúteo Medio"",Peso Corporal,2,Bajo"
"PRE_016,Abducción de Hombro Isométrica en Pared,Wall isometric shoulder abduction,Aislamiento,Unilateral,NO,Supraespinoso,Deltoides Lateral,Peso Corporal (Pared),1,Bajo"
"PRE_017,Elevaciones de Tibial Anterior,""Tibialis raise, toe raises"",Aislamiento,Bilateral,NO,Tibial Anterior,Extensor de los Dedos,""Peso Corporal, Pared"",1,Bajo"
"PRE_018,Curl Nórdico de Isquiosurales,""Nordic hamstring curl, nordics"",Dominante de Rodilla,Bilateral,NO,Isquiosurales,""Gastrocnemio, Glúteos"",Peso Corporal,5,Medio"
"PRE_019,Curl Nórdico Inverso,Reverse nordic curl,Dominante de Rodilla,Bilateral,NO,Cuádriceps,Core Anterior,Peso Corporal,4,Alto"
"PRE_020,Subida de Escalón de Poliquin,""Poliquin step-up, slant board step up"",Dominante de Rodilla,Unilateral,SÍ,Cuádriceps (VMO),Glúteo Medio,""Mancuernas, Tabla Inclinada"",3,Medio"
"PRE_021,Elevación de Tibial Sentado,Seated tibialis raise,Aislamiento,Bilateral,NO,Tibial Anterior,Extensor de los Dedos,Máquina Tibial,1,Bajo"
"PRE_022,Elevación de Pantorrillas Unilateral,Single leg calf raise,Aislamiento,Unilateral,SÍ,Gastrocnemio,Sóleo,""Peso Corporal, Mancuerna"",2,Bajo"
"SUSP_001,Flexiones en Suspensión,""TRX push-up, flexiones en anillas"",Empuje Horizontal,Bilateral,NO,Pectoral Mayor,""Tríceps, Deltoides Anterior, Core"",""Anillas, TRX"",3,Medio"
"SUSP_002,Remo Invertido en Suspensión,""TRX row, remo en anillas"",Tracción Horizontal,Bilateral,NO,Dorsal Ancho,""Romboides, Bíceps Braquial, Trapecio"",""Anillas, TRX"",2,Bajo"
"SUSP_003,Aperturas en Y en Suspensión,""TRX Y-fly, Y-raise"",Movilidad,Bilateral,NO,Trapecio Inferior,""Deltoides Posterior, Romboides"",""Anillas, TRX"",3,Bajo"
"SUSP_004,Caídas en Suspensión,""TRX fallouts, ab fallouts"",Core Antiextensión,Bilateral,NO,Recto Abdominal,""Transverso, Dorsal Ancho"",""Anillas, TRX"",3,Bajo"
"SUSP_005,Sentadilla Búlgara en Suspensión,""TRX lunge, suspended split squat"",Zancada (Lunge),Unilateral,SÍ,Cuádriceps,""Glúteo Mayor, Core"",""Anillas, TRX"",3,Bajo"
"SUSP_006,Curl de Isquiosurales en Suspensión,TRX hamstring curl,Aislamiento,Bilateral,NO,Isquiosurales,Glúteo Mayor,""Anillas, TRX"",3,Bajo"
"SUSP_007,Encogimientos de Core en Suspensión,""TRX pikes, atomic push-up"",Core Flexión,Bilateral,NO,Recto Abdominal,""Flexores de Cadera, Hombros"",""Anillas, TRX"",4,Bajo"
"SUSP_008,Muscle-Up en Anillas,Ring muscle-up,Tracción Vertical,Bilateral,NO,Dorsal Ancho,""Pectoral, Tríceps, Core"",Anillas,5,Alto"
"SUSP_009,Fondos en Anillas,Ring dips,Empuje Horizontal,Bilateral,NO,Pectoral Mayor,""Tríceps Braquial, Estabilizadores"",Anillas,5,Alto"
"SUSP_010,Face Pull en Suspensión,Suspension face pull,Aislamiento,Bilateral,NO,Deltoides Posterior,""Romboides, Trapecio Inferior"",""Anillas, TRX"",2,Bajo"
"SUSP_011,Tirón de Potencia en Suspensión,TRX power pull,Tracción Horizontal,Unilateral,NO,Dorsal Ancho,""Oblicuos, Bíceps, Romboides"",""Anillas, TRX"",3,Bajo"
"SUSP_012,Escaladores en Suspensión,TRX mountain climbers,Core Flexión,Bilateral,NO,Recto Abdominal,""Flexores de Cadera, Hombros"",""Anillas, TRX"",3,Bajo"
"SUSP_013,Zancada Lateral en Suspensión,TRX lateral lunge,Zancada (Lunge),Unilateral,NO,Adductores,""Cuádriceps, Glúteos"",""Anillas, TRX"",2,Bajo"
"SUSP_014,Flexión Atómica en Suspensión,TRX atomic push-up,Empuje Horizontal,Bilateral,NO,Pectoral Mayor,""Recto Abdominal, Tríceps"",""Anillas, TRX"",4,Medio"
"SUSP_015,Vuelos en W en Suspensión,TRX W deltoid fly,Aislamiento,Bilateral,NO,Deltoides Posterior,""Trapecio Medio, Romboides"",""Anillas, TRX"",2,Bajo"
"SUSP_016,Extensión de Tríceps en Suspensión,""TRX tricep extension, skull crusher"",Aislamiento,Bilateral,NO,Tríceps Braquial,Core Anterior,""Anillas, TRX"",2,Bajo"
"SUSP_017,Curl Inverso en Suspensión,TRX reverse curls,Aislamiento,Bilateral,NO,Braquiorradial,Bíceps Braquial,""Anillas, TRX"",2,Bajo"
"GRIP_001,Curl de Muñeca con Barra,Barbell wrist curl,Aislamiento,Bilateral,NO,Flexores de Muñeca,Antebrazos,Barra Olímpica + Banco,1,Bajo"
"GRIP_002,Curl de Muñeca Inverso con Barra,Barbell reverse wrist curl,Aislamiento,Bilateral,NO,Extensores de Muñeca,Braquiorradial,Barra Olímpica + Banco,1,Bajo"
"GRIP_003,Sostén de Disco,Plate pinch hold,Aislamiento,Asimétrico,SÍ,Músculos de la Mano (Agarre),Antebrazos,Discos de Peso,1,Bajo"
"GRIP_004,Colgado Activo en Barra,""Active dead hang, cuelgue en barra"",Tracción Vertical,Bilateral,NO,Antebrazos (Agarre),""Dorsal Ancho, Trapecio Inferior"",Barra Dominadas,1,Bajo"
"GRIP_005,Encogimientos con Barra Hexagonal,Trap bar shrugs,Tracción Vertical,Bilateral,SÍ,Trapecio Superior,""Antebrazos, Erectores Espinales"",Barra Hexagonal,2,Medio"
"GRIP_006,Dominadas con Toalla,Towel pull-ups,Tracción Vertical,Bilateral,NO,Dorsal Ancho,""Bíceps, Antebrazos"",""Barra Dominadas, Toalla"",4,Medio"
"GRIP_007,Paseo del Granjero con Agarre Grueso,Fat grip farmer's walk,Locomoción/Transporte,Bilateral,SÍ,Core Global,""Antebrazos, Trapecios"",Mancuernas (Grip Grueso),3,Medio"
"GRIP_008,Encogimientos con Mancuernas Pesadas,Heavy DB shrugs,Aislamiento,Bilateral,SÍ,Trapecio Superior,Antebrazos,Mancuernas,1,Bajo"
"GRIP_009,Curl Inverso con Barra,Reverse barbell curl,Aislamiento,Bilateral,SÍ,Braquiorradial,""Braquial, Bíceps Braquial"",Barra Olímpica,2,Bajo"
"GRIP_010,Sostén de Granjero Isométrico,Farmer's hold,Locomoción/Transporte,Bilateral,SÍ,Core Global,""Trapecios, Antebrazos"",""Mancuernas, Kettlebell"",1,Bajo"
"NECK_001,Extensión de Cuello con Arnés,Neck harness extension,Aislamiento,Bilateral,SÍ,Extensores del Cuello,Trapecio Superior,""Arnés de Cuello, Discos"",3,Alto"
"NECK_002,Flexión de Cuello Acostado,Lying neck flexion,Aislamiento,Bilateral,NO,Flexores del Cuello,Esternocleidomastoideo,Disco de Peso,Banco,2,Medio"
"NECK_003,Flexión Lateral de Cuello,Neck lateral flexion,Aislamiento,Unilateral,NO,Esternocleidomastoideo,Escalenos,Disco de Peso,Banco,2,Medio"
"NECK_004,Press Isométrico de Cuello,Isometric neck press,Aislamiento,Asimétrico,NO,Musculatura Cervical,Ninguno,Peso Corporal (Manos),1,Bajo"
"SND_001,Cargada y Press con Saco de Arena,Sandbag clean and press,Pliometría,Bilateral,SÍ,Cadena Posterior,""Hombros, Tríceps, Core"",Saco de Arena,4,Alto"
"SND_002,Sentadilla Frontal con Saco de Arena,Sandbag front squat,Dominante de Rodilla,Bilateral,SÍ,Cuádriceps,""Glúteo Mayor, Core Anterior"",Saco de Arena,3,Medio"
"SND_003,Thruster con Saco de Arena,Sandbag squat thruster,Empuje Vertical,Bilateral,SÍ,Cuádriceps,""Hombros, Tríceps, Glúteos"",Saco de Arena,4,Medio"
"SND_004,Remo Inclinado con Saco de Arena,Sandbag bent-over row,Tracción Horizontal,Bilateral,SÍ,Dorsal Ancho,""Romboides, Erectores Espinales"",Saco de Arena,2,Bajo"
"SND_005,Cargar Saco al Hombro,""Sandbag shouldering, Ground-to-shoulder"",Pliometría,Asimétrico,SÍ,Cadena Posterior,""Hombros, Core, Glúteos"",Saco de Arena,4,Alto"
"SND_006,Zancada Inversa con Saco de Arena,Sandbag reverse lunge,Zancada (Lunge),Unilateral,SÍ,Glúteo Mayor,""Cuádriceps, Core"",Saco de Arena,3,Medio"
"SND_007,Peso Muerto con Saco de Arena,Sandbag deadlift,Bisagra de Cadera (Hinge),Bilateral,SÍ,Isquiosurales,""Glúteo Mayor, Erectores"",Saco de Arena,2,Medio"
"SND_008,Sentadilla del Oso con Saco,Bear hug sandbag squat,Dominante de Rodilla,Bilateral,SÍ,Cuádriceps,""Erectores Espinales, Glúteos"",Saco de Arena,3,Medio"
"SND_009,Buenos Días con Saco de Arena,Sandbag good morning,Bisagra de Cadera (Hinge),Bilateral,SÍ,Isquiosurales,""Glúteo Mayor, Erectores"",Saco de Arena,3,Bajo"
"SND_010,Zancadas en Movimiento con Saco,Sandbag walking lunges,Zancada (Lunge),Unilateral,SÍ,Cuádriceps,""Glúteos, Isquiosurales, Core"",Saco de Arena,3,Medio"
"SND_011,Levantamiento Turco con Saco,Sandbag Turkish Get-Up,Core Antirotación,Asimétrico,SÍ,Core Global,""Hombros, Piernas, Glúteos"",Saco de Arena,5,Bajo"
"SND_012,Paseo del Granjero con Saco,Sandbag farmer carry,Locomoción/Transporte,Bilateral,SÍ,Core Global,""Trapecios, Antebrazos"",Saco de Arena,3,Medio"
"CAL_001,Vuelta del Gato en Anillas,Skin the cat,Movilidad,Bilateral,NO,Deltoides Anterior,""Dorsal Ancho, Pectoral, Core"",Anillas,4,Bajo"
"CAL_002,Palanca Trasera (Back Lever),Back lever,Core Antiextensión,Bilateral,NO,Pectoral Mayor,""Deltoides Anterior, Core, Bíceps"",""Anillas, Barra"",5,Alto"
"CAL_003,Palanca Frontal (Front Lever),Front lever,Core Antiextensión,Bilateral,NO,Dorsal Ancho,""Core Global, Deltoides Posterior"",""Anillas, Barra"",5,Bajo"
"CAL_004,Puente Hacia Atrás,""Back bridge, gymnastic bridge"",Movilidad,Bilateral,SÍ,Erectores Espinales,""Glúteo Mayor, Hombros"",Peso Corporal,4,Medio"
"CAL_005,Flexiones de Arquero,Archer push-ups,Empuje Horizontal,Asimétrico,NO,Pectoral Mayor,""Tríceps, Deltoides Anterior"",Peso Corporal,4,Medio"
"CAL_006,Sentadilla Dragón,Dragon squat,Dominante de Rodilla,Unilateral,NO,Cuádriceps,""Glúteo Mayor, Movilidad de Tobillo"",Peso Corporal,5,Alto"
"CAL_007,Subida a Vertical (Press Handstand),Press handstand,Empuje Vertical,Bilateral,SÍ,Deltoides Anterior,""Tríceps, Trapecio, Core Flexión"",Peso Corporal,5,Alto"
"CAL_008,Plancha Gimnástica (Planche),""Full planche, straddle planche"",Empuje Horizontal,Bilateral,NO,Deltoides Anterior,""Pectoral Mayor, Bíceps, Core"",""Suelo, Paralelas"",5,Alto"
"CAL_009,Dominada a Una Mano,""One arm pull-up, OAP"",Tracción Vertical,Unilateral,NO,Dorsal Ancho,""Bíceps Braquial, Braquial"",Barra Dominadas,5,Alto"
"CAL_010,Sentadilla de Camarón,Shrimp squat,Dominante de Rodilla,Unilateral,NO,Cuádriceps,""Glúteo Mayor, Isquiosurales"",Peso Corporal,4,Alto"
"CAL_011,Curl Nórdico,Nordic hamstring curl,Dominante de Rodilla,Bilateral,NO,Isquiosurales,""Glúteos, Gastrocnemio"",Peso Corporal,4,Medio"
"CAL_012,Flexiones Pseudo Planche,Pseudo planche push-up,Empuje Horizontal,Bilateral,NO,Pectoral Mayor,""Deltoides Anterior, Bíceps"",Peso Corporal,4,Medio"
"CAL_013,L-Sit en Suelo,L-sit hold,Core Flexión,Bilateral,NO,Recto Abdominal,""Flexores de Cadera, Tríceps"",""Peso Corporal, Paralelas"",4,Bajo"
"CAL_014,Parada de Manos Asistida,Wall handstand,Empuje Vertical,Bilateral,SÍ,Deltoides Anterior,""Tríceps, Trapecio"",Peso Corporal,3,Alto"
"MAC_001,Press de Banca en Máquina Smith,Smith machine bench press,Empuje Horizontal,Bilateral,NO,Pectoral Mayor,""Deltoides Anterior, Tríceps"",""Máquina Smith + Banco"",2,Medio"